Episode:0,Phase,WallTime,SimTime,TimeStep,State:31,Action:4,Reward:1
open phase,1635809525.748558,2,1,1.0,1.0,1.0,-0.026750000000000003,0.05300000000000001,0.08,-0.026750000000000003,0.05300000000000001,0.08,-0.026750000000000003,0.05300000000000001,0.08,-0.027349993055579672,0.12499750001446758,0.08,0.026750000000000003,0.05300000000000001,0.08,0.027349993055579672,0.12499750001446758,0.08,0.024166666666666663,-3.9219374874059316e-07,-0.024166666666666663,3.9219374874059316e-07,10,10,10,10,10,10,1.57,0.0,-1.57,0.0,
open phase,1635809525.758239,2,2,1.0,1.0,1.0,-0.026749999999999996,0.05299999999999999,0.08,-0.026749999999999996,0.05299999999999999,0.08,-0.026749999999999996,0.05299999999999999,0.08,-0.03955157330695505,0.12385280319695655,0.08,0.026749999999999996,0.05299999999999999,0.08,0.03955157330695505,0.12385280319695655,0.08,0.3178750000000001,-1.7269247979589528e-07,-0.3178750000000001,1.7269247979589528e-07,10,10,10,10,10,10,1.57,0.0,-1.57,0.0,
open phase,1635809525.7678456,2,3,1.0,1.0,1.0,-0.026749999999999996,0.052999999999999985,0.08,-0.026749999999999996,0.052999999999999985,0.08,-0.026749999999999996,0.052999999999999985,0.08,-0.05761862128801525,0.1180471230707176,0.08,0.026749999999999996,0.052999999999999985,0.08,0.05761862128801525,0.1180471230707176,0.08,0.5557787500000001,4.790171939967609e-07,-0.5557787500000001,-4.790171939967609e-07,10,10,10,10,10,10,1.57,0.0,-1.57,0.0,
open phase,1635809525.7775066,2,4,1.0,1.0,1.0,-0.026750000000000006,0.053000000000000005,0.08,-0.026750000000000006,0.053000000000000005,0.08,-0.026750000000000006,0.053000000000000005,0.08,-0.07073502794778527,0.11000278340951912,0.08,0.026750000000000006,0.053000000000000005,0.08,0.07073502794778527,0.11000278340951912,0.08,0.7484807875,8.946371414580314e-07,-0.7484807875,-8.946371414580314e-07,10,10,10,10,10,10,1.57,0.0,-1.57,0.0,
open phase,1635809525.7871609,2,5,1.0,1.0,1.0,-0.026749999999999996,0.05299999999999999,0.08,-0.026749999999999996,0.05299999999999999,0.08,-0.026749999999999996,0.05299999999999999,0.08,-0.07991179206864041,0.10155742851563125,0.08,0.026749999999999996,0.05299999999999999,0.08,0.07991179206864041,0.10155742851563125,0.08,0.9045694378750001,1.1385231571396031e-06,-0.9045694378750001,-1.1385231571396031e-06,10,10,10,10,10,10,1.57,0.0,-1.57,0.0,
open phase,1635809525.7968,2,6,1.0,1.0,1.0,-0.02675,0.053,0.08,-0.02675,0.053,0.08,-0.02675,0.053,0.08,-0.08618701484992213,0.09363546807568646,0.08,0.02675,0.053,0.08,0.08618701484992213,0.09363546807568646,0.08,1.0310012446787502,1.2597285653011521e-06,-1.0310012446787502,-1.2597285653011521e-06,10,10,10,10,10,10,1.57,0.0,-1.57,0.0,
open phase,1635809525.806362,2,7,1.0,1.0,1.0,-0.026749999999999996,0.05300000000000001,0.08,-0.026749999999999996,0.05300000000000001,0.08,-0.026749999999999996,0.05300000000000001,0.08,-0.09041652141567877,0.08662401003489793,0.08,0.026749999999999996,0.05300000000000001,0.08,0.09041652141567877,0.08662401003489793,0.08,1.1334110081897877,1.2952792918874142e-06,-1.1334110081897877,-1.2952792918874142e-06,10,10,10,10,10,10,1.57,0.0,-1.57,0.0,
open phase,1635809525.816317,2,8,1.0,1.0,1.0,-0.026750000000000003,0.053000000000000005,0.08,-0.026750000000000003,0.053000000000000005,0.08,-0.026750000000000003,0.053000000000000005,0.08,-0.09324098479364834,0.08062153039154102,0.08,0.026750000000000003,0.053000000000000005,0.08,0.09324098479364834,0.08062153039154102,0.08,1.216362916633728,1.272831325563715e-06,-1.216362916633728,-1.272831325563715e-06,10,10,10,10,10,10,1.57,0.0,-1.57,0.0,
open phase,1635809525.8261092,2,9,1.0,1.0,1.0,-0.026750000000000003,0.053000000000000005,0.08,-0.026750000000000003,0.053000000000000005,0.08,-0.026750000000000003,0.053000000000000005,0.08,-0.09511599065438262,0.07558520139039882,0.08,0.026750000000000003,0.053000000000000005,0.08,0.09511599065438262,0.07558520139039882,0.08,1.2835539624733197,2.394183177662437e-06,-1.2835539624733197,-2.394183177662437e-06,10,10,10,10,10,10,1.57,0.0,-1.57,0.0,
open phase,1635809525.8359091,2,10,1.0,1.0,1.0,-0.02675000000000001,0.053000000000000026,0.08,-0.02675000000000001,0.053000000000000026,0.08,-0.02675000000000001,0.053000000000000026,0.08,-0.09635596518144303,0.07141221364094337,0.08,0.02675000000000001,0.053000000000000026,0.08,0.09635596518144303,0.07141221364094337,0.08,1.3379787096033888,4.005653424277261e-06,-1.3379787096033888,-4.005653424277261e-06,10,10,10,10,10,10,1.57,0.0,-1.57,0.0,
open phase,1635809525.845529,2,11,1.0,1.0,1.0,-0.026750000000000003,0.053,0.08,-0.026750000000000003,0.053,0.08,-0.026750000000000003,0.053,0.08,-0.09717399183604927,0.06798203503787337,0.08,0.026750000000000003,0.053,0.08,0.09717399183604927,0.06798203503787337,0.08,1.382062754778745,4.922220669566741e-06,-1.382062754778745,-4.922220669566741e-06,10,10,10,10,10,10,1.57,0.0,-1.57,0.0,
close phase,1635809525.855194,2,12,1.0,1.0,1.0,-0.02674999999999999,0.053000000000000005,0.08,-0.02674999999999999,0.053000000000000005,0.08,-0.02674999999999999,0.053000000000000005,0.08,-0.09512644450696228,0.07555353268528693,0.08,0.02674999999999999,0.053000000000000005,0.08,0.09512644450696228,0.07555353268528693,0.08,1.1436374980374502,-0.024162752774872006,-1.1436374980374502,0.024162752774872006,10,10,10,10,10,10,0.78,-1.65,-0.78,1.65,
close phase,1635809525.865227,2,13,1.0,1.0,1.0,-0.02675,0.053000000000000005,0.08,-0.02675,0.053000000000000005,0.08,-0.02675,0.053000000000000005,0.08,-0.09115278315111927,0.08519132681934538,0.08,0.02675,0.053000000000000005,0.08,0.09115278315111927,0.08519132681934538,0.08,1.0745463734103347,-0.3330721810216275,-1.0745463734103347,0.3330721810216275,10,10,10,10,10,10,0.78,-1.65,-0.78,1.65,
close phase,1635809525.8750699,2,14,1.0,1.0,1.0,-0.02675,0.052999999999999985,0.08,-0.02675,0.052999999999999985,0.08,-0.02675,0.052999999999999985,0.08,-0.08902788153127905,0.08913122571925802,0.08,0.02675,0.052999999999999985,0.08,0.08902788153127905,0.08913122571925802,0.08,1.0185825624623712,-0.583289250361641,-1.0185825624623712,0.583289250361641,10,10,10,10,10,10,0.78,-1.65,-0.78,1.65,
close phase,1635809525.8846872,2,15,1.0,1.0,1.0,-0.026750000000000006,0.05300000000000001,0.08,-0.026750000000000006,0.05300000000000001,0.08,-0.026750000000000006,0.05300000000000001,0.08,-0.08712983491282002,0.09222085587924626,0.08,0.026750000000000006,0.05300000000000001,0.08,0.08712983491282002,0.09222085587924626,0.08,0.9732518755945206,-0.7859649364389817,-0.9732518755945206,0.7859649364389817,10,10,10,10,10,10,0.78,-1.65,-0.78,1.65,
close phase,1635809525.8943737,2,16,1.0,1.0,1.0,-0.026749999999999996,0.05299999999999999,0.08,-0.026749999999999996,0.05299999999999999,0.08,-0.026749999999999996,0.05299999999999999,0.08,-0.08547991875039898,0.0946508900693794,0.08,0.026749999999999996,0.05299999999999999,0.08,0.08547991875039898,0.0946508900693794,0.08,0.9365340192315617,-0.9501321256565335,-0.9365340192315617,0.9501321256565335,10,10,10,10,10,10,0.78,-1.65,-0.78,1.65,
close phase,1635809525.9041018,2,17,1.0,1.0,1.0,-0.02675,0.053,0.08,-0.02675,0.053,0.08,-0.02675,0.053,0.08,-0.08407170611795786,0.09656858969173171,0.08,0.02675,0.053,0.08,0.08407170611795786,0.09656858969173171,0.08,0.906792555577565,-1.0831074525631905,-0.906792555577565,1.0831074525631905,10,10,10,10,10,10,0.78,-1.65,-0.78,1.65,
close phase,1635809525.913711,2,18,1.0,1.0,1.0,-0.026749999999999996,0.05299999999999999,0.08,-0.026749999999999996,0.05299999999999999,0.08,-0.026749999999999996,0.05299999999999999,0.08,-0.08288509714445941,0.0980871474877498,0.08,0.026749999999999996,0.05299999999999999,0.08,0.08288509714445941,0.0980871474877498,0.08,0.8827019700178277,-1.1908173880004276,-0.8827019700178277,1.1908173880004276,10,10,10,10,10,10,0.78,-1.65,-0.78,1.65,
close phase,1635809525.923445,2,19,1.0,1.0,1.0,-0.026750000000000006,0.053000000000000005,0.08,-0.026750000000000006,0.053000000000000005,0.08,-0.026750000000000006,0.053000000000000005,0.08,-0.08189442180859001,0.099293549695355,0.08,0.026750000000000006,0.053000000000000005,0.08,0.08189442180859001,0.099293549695355,0.08,0.8631885957144404,-1.2780623705684946,-0.8631885957144404,1.2780623705684946,10,10,10,10,10,10,0.78,-1.65,-0.78,1.65,
close phase,1635809525.9333375,2,20,1.0,1.0,1.0,-0.026750000000000003,0.053000000000000005,0.08,-0.026750000000000003,0.053000000000000005,0.08,-0.026750000000000003,0.053000000000000005,0.08,-0.0810729508288649,0.10025480941919805,0.08,0.026750000000000003,0.053000000000000005,0.08,0.0810729508288649,0.10025480941919805,0.08,0.8473827625286967,-1.348730753126253,-0.8473827625286967,1.348730753126253,10,10,10,10,10,10,0.78,-1.65,-0.78,1.65,
close phase,1635809525.943102,2,21,1.0,1.0,1.0,-0.02674999999999999,0.05299999999999999,0.08,-0.02674999999999999,0.05299999999999999,0.08,-0.02674999999999999,0.05299999999999999,0.08,-0.08039526578649402,0.10102275979883299,0.08,0.02674999999999999,0.05299999999999999,0.08,0.08039526578649402,0.10102275979883299,0.08,0.8354162531408073,-1.3929874479899376,-0.8354253280717133,1.3930086426937978,-0.03267548702806626,0.15823247513170535,0.07209174472214903,0.03267548702806626,0.15823247513120464,0.06399999923399437,0.78,-1.65,-0.78,1.65,
close phase,1635809525.9535704,2,22,1.0,1.0,1.0,-0.02675,0.05299999999999999,0.08,-0.02675,0.05299999999999999,0.08,-0.02675,0.05299999999999999,0.08,-0.07997166213360855,0.10149180012884669,0.08,0.026749999999999993,0.052999999999999985,0.08,0.07996544302988162,0.10149862496126483,0.08,0.8286787159082398,-1.3880815256474546,-0.8284188086278788,1.3903749437283808,-0.031103090446976095,0.15772338835583924,0.07209174472214903,0.031016990457047713,0.15766069226553456,0.06399999923399437,0.78,-1.65,-0.78,1.65,
move phase,1635809525.9638195,2,23,1.0,1.0,1.0,-0.026749999999999996,0.053,0.08,-0.026749999999999996,0.053,0.08,-0.026749999999999996,0.053,0.08,-0.07606123407592166,0.10546334142913183,0.08,0.026750000000000003,0.053000000000000005,0.08,0.07605014812790044,0.10547375910459507,0.08,0.6956651907221241,-1.144894244608937,-0.6954732946962451,1.147100537961058,-0.030608298764117324,0.16443174913027692,0.06399473164698068,0.03044009766903153,0.164363011792646,0.09600526835301933,-0.10665670905167864,-0.7945785753402669,-1.1281611299566499,0.796882313209707,0
move phase,1635809525.9740238,2,24,1.0,1.0,1.0,-0.02675,0.05300000000000001,0.08,-0.02675,0.05300000000000001,0.08,-0.02675,0.05300000000000001,0.08,-0.07320694048201272,0.10800684212941812,0.08,0.02675,0.053,0.08,0.07314737147129897,0.10805709691360679,0.08,0.7032800964309694,-1.1579752826703802,-0.702662752733941,1.1614638696848836,-0.030516640789243925,0.16900504495055968,0.06399473164698068,0.03020163248914065,0.16891664249434546,0.09600526835301933,-0.10665670905167864,-0.7945785753402669,-1.1281611299566499,0.796882313209707,0
move phase,1635809525.9843862,2,25,1.0,1.0,1.0,-0.026749999999999996,0.05299999999999999,0.08,-0.026749999999999996,0.05299999999999999,0.08,-0.026749999999999996,0.05299999999999999,0.08,-0.07336783750406453,0.10787054971881213,0.08,0.026750000000000003,0.053000000000000005,0.08,0.07337162856509011,0.10786732862039829,0.08,0.705141678176621,-1.1579752826703802,-0.7058284704311042,1.1614621879555105,-0.030643440574986983,0.16884487499030787,0.06399473164698068,0.030440909722284894,0.16873747043605114,0.09600526835301933,-0.10665670905167864,-0.7945785753402669,-1.1281611299566499,0.796882313209707,0
move phase,1635809525.9945502,2,26,1.0,1.0,1.0,-0.02675,0.053000000000000005,0.08,-0.02675,0.053000000000000005,0.08,-0.02675,0.053000000000000005,0.08,-0.07346553713690183,0.10778739444444083,0.08,0.026750000000000003,0.053,0.08,0.07354393825825578,0.10772044720470172,0.08,0.7068518598107109,-1.1579752826704777,-0.7089543758485537,1.1614606012035669,-0.03084985797499426,0.16883775336915882,0.06399473164698068,0.030803374456112628,0.16869716162974513,0.0639945794002949,-0.10665670905167864,-0.7945785753402669,-1.1281611299566499,0.796882313209707,0
move phase,1635809526.004656,2,27,1.0,1.0,1.0,-0.026749999999999993,0.053,0.08,-0.026749999999999993,0.053,0.08,-0.026749999999999993,0.053,0.08,-0.07355445749738572,0.10771144997507753,0.08,0.026750000000000003,0.053000000000000005,0.08,0.0737083880850602,0.1075793897772124,0.08,0.7083985489565974,-1.1579752826704763,-0.7118583641757933,1.1614590454996647,-0.0310379883977763,0.16883094187880243,0.06399473164698068,0.03115160528383447,0.16868412781111336,0.06399765026209119,-0.10665670905167864,-0.7945785753402669,-1.1281611299566499,0.796882313209707,0
move phase,1635809526.014984,2,28,1.0,1.0,1.0,-0.026749999999999996,0.05299999999999999,0.08,-0.026749999999999996,0.05299999999999999,0.08,-0.026749999999999996,0.05299999999999999,0.08,-0.07363254666114177,0.10764454976084861,0.08,0.02675,0.053,0.08,0.07385835705225206,0.10745000179832442,0.08,0.7097200403072216,-1.1579752826704535,-0.7144715786758209,1.1614579718130265,-0.031203853132527874,0.1687512061519451,0.09600066362125134,0.031469947695048024,0.16867186840300594,0.06399933637874866,-0.10665670905167864,-0.7945785753402669,-1.1281611299566499,0.796882313209707,0
move phase,1635809526.0253048,2,29,1.0,1.0,1.0,-0.026750000000000003,0.053,0.08,-0.026750000000000003,0.053,0.08,-0.026750000000000003,0.053,0.08,-0.07369256963360593,0.10759299548654622,0.08,0.02675,0.053,0.08,0.07399321107287217,0.10733303790074736,0.08,0.7106186914611627,-1.1579752826704535,-0.7168304752304128,1.1614579718130265,-0.03133120940897612,0.16874270665775679,0.06399878690999361,0.031756576742595674,0.168656836402459,0.06399883346956134,-0.10665670905167864,-0.7945785753402669,-1.1281611299566499,0.796882313209707,0
move phase,1635809526.0355234,2,30,1.0,1.0,1.0,-0.02675000000000001,0.05300000000000001,0.08,-0.02675000000000001,0.05300000000000001,0.08,-0.02675000000000001,0.05300000000000001,0.08,-0.07372970939247141,0.10756103834604815,0.08,0.02675,0.05299999999999999,0.08,0.07412690789466192,0.10721649747393057,0.08,0.71110285883457,-1.1579752826704535,-0.7193877985057455,1.1614579718130265,-0.03140997146064069,0.1687395623375968,0.06399878690999361,0.03204132546228276,0.16864114823587,0.06399892924805013,-0.10665670905167864,-0.7945785753402669,-1.1281611299566499,0.796882313209707,0
move phase,1635809526.0456676,2,31,1.0,1.0,1.0,-0.026750000000000003,0.053,0.08,-0.026750000000000003,0.053,0.08,-0.026750000000000003,0.053,0.08,-0.07374837059892864,0.10754496458011281,0.08,0.026750000000000003,0.05300000000000001,0.08,0.07427297961938521,0.10708850532317843,0.08,0.7113170502910021,-1.1579752826704535,-0.7222112913772754,1.1614579718130265,-0.03144956277318837,0.16873796150724835,0.06399878690999361,0.032353115109805944,0.1686237569067985,0.06399908558031883,-0.10665670905167864,-0.7945785753402669,-1.1281611299566499,0.796882313209707,0
move phase,1635809526.0558257,2,32,1.0,1.0,1.0,-0.026750000000000003,0.053,0.08,-0.026750000000000003,0.053,0.08,-0.026750000000000003,0.053,0.08,-0.07375090327836517,0.10754278220826072,0.08,0.026750000000000006,0.05300000000000001,0.08,0.07443510130417524,0.10694563108918595,0.08,0.7112125022046608,-1.1579752826704535,-0.7253726225866287,1.1614579718130265,-0.03145493692174802,0.1687377431639083,0.06399878690999361,0.03269997455208811,0.16860342085822966,0.06399921783909557,-0.10665670905167864,-0.7945785753402669,-1.1281611299566499,0.796882313209707,0
move phase,1635809526.0660288,2,33,1.0,1.0,1.0,-0.02675,0.053000000000000005,0.08,-0.02675,0.053000000000000005,0.08,-0.02675,0.053000000000000005,0.08,-0.07373566659178343,0.10755590834112991,0.08,0.02675000000000001,0.05300000000000001,0.08,0.0746149770546773,0.10678609459288912,0.08,0.710775888758551,-1.1579752826704535,-0.7288721406197336,1.1614579718130265,-0.031422608949948125,0.16873905282882395,0.06399878690999361,0.03308582539258374,0.16857957126690964,0.06399932954511844,-0.10665670905167864,-0.7945785753402669,-1.1281611299566499,0.796882313209707,0
move phase,1635809526.076277,2,34,1.0,1.0,1.0,-0.026750000000000006,0.05300000000000001,0.08,-0.026750000000000006,0.05300000000000001,0.08,-0.026750000000000006,0.05300000000000001,0.08,-0.07370173369254039,0.10758511430110565,0.08,0.026750000000000003,0.053000000000000005,0.08,0.07481266547465158,0.10660951582948437,0.08,0.7099873876369892,-1.1579752826704535,-0.732717414723603,1.1614579718130265,-0.03135063948439621,0.16874193596293025,0.06399878690999361,0.03351111829561732,0.1685517848925981,0.06399942498371954,-0.10665670905167864,-0.7945785753402669,-1.1281611299566499,0.796882313209707,0
move phase,1635809526.0863926,2,35,1.0,1.0,1.0,-0.02675,0.053000000000000005,0.08,-0.02675,0.053000000000000005,0.08,-0.02675,0.053000000000000005,0.08,-0.0736483231011572,0.10763101033570098,0.08,0.026749999999999996,0.05299999999999999,0.08,0.07502809634744743,0.10641559147914192,0.08,0.7088387028763669,-1.1579752826704535,-0.7369056789171035,1.1614579718130265,-0.031237433417856217,0.1687463803556411,0.06399878690999361,10,10,10,-0.10665670905167864,-0.7945785753402669,-1.1281611299566499,0.796882313209707,0
move phase,1635809526.0966258,2,36,1.0,1.0,1.0,-0.026749999999999993,0.052999999999999985,0.08,-0.026749999999999993,0.052999999999999985,0.08,-0.026749999999999993,0.052999999999999985,0.08,-0.07313453454713405,0.10806791220707142,0.08,0.02675,0.05299999999999999,0.08,0.07478381121819716,0.10663537060424394,0.08,0.6845354769390669,-1.1442234704573075,-0.7169388991397583,1.1491393689505671,-0.030152956418542223,0.1687832805908594,0.06399878690999361,0.03344905469277636,0.1685579957331806,0.07222226087198473,-0.10665670905167864,-0.7945785753402669,-1.1281611299566499,0.796882313209707,0
move phase,1635809526.106861,2,37,1.0,1.0,1.0,-0.02675000000000001,0.05300000000000001,0.08,-0.02675000000000001,0.05300000000000001,0.08,-0.02675000000000001,0.05300000000000001,0.08,-0.07149545165912348,0.10940784126184094,0.08,0.026750000000000003,0.053000000000000005,0.08,0.07326813180368866,0.10795510361644906,0.08,0.6658403995643334,-1.123183290168891,-0.6972014819529524,1.12859707966578,-0.02850472027008289,0.17012615898083305,0.06399783230781306,0.031899994765326956,0.16985543348511745,0.07222226087198473,-0.10665670905167864,-0.7945785753402669,-1.1281611299566499,0.796882313209707,0
move phase,1635809526.1174612,2,38,1.0,1.0,1.0,-0.026750000000000006,0.05300000000000001,0.08,-0.026750000000000006,0.05300000000000001,0.08,-0.026750000000000006,0.05300000000000001,0.08,-0.07118222753473508,0.10965489525452794,0.08,0.02675,0.053,0.08,0.07314358886412138,0.1080602843464041,0.08,0.6643767216210443,-1.1231835666751468,-0.702860796657623,1.1285969897609331,-0.028191053060926737,0.17037043112445288,0.06399834910159045,0.03197513122361482,0.1700935955217432,0.07222226087198473,-0.10665670905167864,-0.7945785753402669,-1.1281611299566499,0.796882313209707,0
move phase,1635809526.127756,2,39,1.0,1.0,1.0,-0.026750000000000006,0.05300000000000001,0.08,-0.026750000000000006,0.05300000000000001,0.08,-0.026750000000000006,0.05300000000000001,0.08,-0.07108146541880493,0.1097337745423421,0.08,0.026750000000000003,0.053,0.08,0.07346457053999508,0.10778821861736176,0.08,0.6623172409971729,-1.1231834953632127,-0.7088711323227302,1.1285969897609331,-0.02798252232460055,0.170371091244489,0.06399913494266708,0.032659339778409464,0.17006105974709007,0.07222226087198473,-0.10665670905167864,-0.7945785753402669,-1.1281611299566499,0.796882313209707,0
move phase,1635809526.137941,2,40,1.0,1.0,1.0,-0.02675,0.053000000000000005,0.08,-0.02675,0.053000000000000005,0.08,-0.02675,0.053000000000000005,0.08,-0.07094895120683381,0.10983707163652898,0.08,0.02675,0.05299999999999999,0.08,0.07380849874656532,0.10749309768878539,0.08,0.6597369553856817,-1.123183655631379,-0.7154210828597803,1.1285969897609331,-0.02770860392698403,0.170373735192529,0.06399911891148946,0.033396040372753816,0.1700215456789569,0.07222226087198473,-0.10665670905167864,-0.7945785753402669,-1.1281611299566499,0.796882313209707,0
move phase,1635809526.148338,2,41,1.0,1.0,1.0,-0.026749999999999996,0.053,0.08,-0.026749999999999996,0.053,0.08,-0.026749999999999996,0.053,0.08,-0.0707842995345132,0.10996473000466839,0.08,0.02675,0.053,0.08,0.0741790880054778,0.1071708557341366,0.08,0.6565612512481924,-1.1231822309537933,-0.7224856570073105,1.128596989760932,-0.027369005416173604,0.17037626162848202,0.06399905669851133,0.034194060738151746,0.1699734925761182,0.07222226087198473,-0.10665670905167864,-0.7945785753402669,-1.1281611299566499,0.796882313209707,0
move phase,1635809526.1586645,2,42,1.0,1.0,1.0,-0.02675,0.053,0.08,-0.02675,0.053,0.08,-0.02675,0.053,0.08,-0.07058517138441922,0.11011810351980003,0.08,0.026750000000000003,0.053,0.08,0.07457619146565961,0.10682058537297849,0.08,0.6527866172231584,-1.123184343945089,-0.7301007434463129,1.128596989760932,-0.026959026081900414,0.17038023329857366,0.06399909026427315,0.0350541118734033,0.1699155837847226,0.07222226087198473,-0.10665670905167864,-0.7945785753402669,-1.1281611299566499,0.796882313209707,0
move phase,1635809526.1688519,2,43,1.0,1.0,1.0,-0.026750000000000003,0.053000000000000005,0.08,-0.026750000000000003,0.053000000000000005,0.08,-0.026750000000000003,0.053000000000000005,0.08,-0.07034991896088973,0.11029788012312362,0.08,0.02675000000000001,0.053000000000000005,0.08,0.0749993106007183,0.10644159453604857,0.08,0.6483705621170275,-1.123186039517927,-0.7382370192495273,1.128596989760932,-0.026475901574250116,0.17038576973758635,0.06399911812446031,0.03597623728419896,0.16984643148724804,0.07222226087198473,-0.10665670905167864,-0.7945785753402669,-1.1281611299566499,0.796882313209707,0
move phase,1635809526.1790879,2,44,1.0,1.0,1.0,-0.026749999999999996,0.052999999999999985,0.08,-0.026749999999999996,0.052999999999999985,0.08,-0.026749999999999996,0.052999999999999985,0.08,-0.07007781859326515,0.11050391409242594,0.08,0.026749999999999993,0.052999999999999985,0.08,0.07544588955216192,0.10603499166327496,0.08,0.6433385673306328,-1.1231890809039191,-0.7468520539067345,1.1285969897606234,-0.025918784896235614,0.1703895884195592,0.06399913141697365,0.03695603876349209,0.16976492957428008,0.07222226087198473,-0.10665670905167864,-0.7945785753402669,-1.1281611299566499,0.796882313209707,0
move phase,1635809526.1894155,2,45,1.0,1.0,1.0,-0.026749999999999996,0.052999999999999985,0.08,-0.026749999999999996,0.052999999999999985,0.08,-0.026749999999999996,0.052999999999999985,0.08,-0.06977002304082831,0.11073454440425246,0.08,0.026749999999999996,0.05299999999999999,0.08,0.075912613133721,0.10560263748011195,0.08,0.6377173858625753,-1.1231890697880973,-0.7558874083091908,1.1285969897606234,-0.025291315628393263,0.17039253314499236,0.06399905259042124,0.03798739165880507,0.16967018914203524,0.07222226087198473,-0.10665670905167864,-0.7945785753402669,-1.1281611299566499,0.796882313209707,0
move phase,1635809526.199987,2,46,1.0,1.0,1.0,-0.026749999999999996,0.05299999999999999,0.08,-0.026749999999999996,0.05299999999999999,0.08,-0.026749999999999996,0.05299999999999999,0.08,-0.06942787277279194,0.1109879226700645,0.08,0.026750000000000003,0.053000000000000005,0.08,0.07639490969930868,0.10514770312245292,0.08,0.631541380227895,-1.123189573263241,-0.7652516088169934,1.1285969897606234,-0.024596922927271017,0.17038525138334737,0.06399903826406603,0.039061249461955126,0.169561765353898,0.07222226087198473,-0.10665670905167864,-0.7945785753402669,-1.1281611299566499,0.796882313209707,0
move phase,1635809526.2102592,2,47,1.0,1.0,1.0,-0.026750000000000003,0.053000000000000005,0.08,-0.026750000000000003,0.053000000000000005,0.08,-0.026750000000000003,0.053000000000000005,0.08,-0.06905388312734752,0.11126132055101157,0.08,0.026749999999999993,0.052999999999999985,0.08,0.07688778345662815,0.10467400381290634,0.08,0.6248747399698753,-1.1231878894160876,-0.774863468270753,1.1285969897606007,-0.023841648301125104,0.1703708645565713,0.06399890710534863,0.040167379128110955,0.1694396235955105,0.07222226087198473,-0.10665670905167864,-0.7945785753402669,-1.1281611299566499,0.796882313209707,0
move phase,1635809526.2203877,2,48,1.0,1.0,1.0,-0.02675,0.053,0.08,-0.02675,0.053,0.08,-0.02675,0.053,0.08,-0.06864921653896623,0.11155301575000917,0.08,0.026749999999999993,0.05299999999999999,0.08,0.07738964187296048,0.10418228864537327,0.08,0.6177108012294258,-1.1231895326421741,-0.7847536813044641,1.1285969897606007,-0.023028292963256917,0.17035159575188413,0.06399906051647475,0.04130298218176235,0.16930315006632107,0.07222226087198473,-0.10665670905167864,-0.7945785753402669,-1.1281611299566499,0.796882313209707,0
move phase,1635809526.2304044,2,49,1.0,1.0,1.0,-0.026750000000000003,0.053000000000000005,0.08,-0.026750000000000003,0.053000000000000005,0.08,-0.026750000000000003,0.053000000000000005,0.08,-0.06821413075013187,0.11186192199661824,0.08,0.02675000000000001,0.053000000000000005,0.08,0.07789971026670897,0.10367254818569645,0.08,0.6100775972926803,-1.1231894992257294,-0.7948819608708011,1.1285969897555266,-0.022158055633346045,0.17032924907174318,0.06399909800762434,10,10,10,-0.10665670905167864,-0.7945785753402669,-1.1281611299566499,0.796882313209707,0
move phase,1635809526.2405431,2,50,1.0,1.0,1.0,-0.026749999999999996,0.053,0.08,-0.026749999999999996,0.053,0.08,-0.026749999999999996,0.053,0.08,-0.0673144796254283,0.11248548556343985,0.08,0.026750000000000003,0.053,0.08,0.07793932654434652,0.10363252756811835,0.08,0.580591231362674,-1.1091018625321472,-0.7797731608352823,1.1148273002878681,-0.020374054917685125,0.17026222074039277,0.06399941078667866,0.04254996190459831,0.16905953877872998,0.09600058921332134,-0.10665670905167864,-0.7945785753402669,-1.1281611299566499,0.796882313209707,0
move phase,1635809526.2511377,2,51,1.0,1.0,1.0,-0.026750000000000003,0.053,0.08,-0.026750000000000003,0.053,0.08,-0.026750000000000003,0.053,0.08,-0.06541767178526875,0.11373558395789679,0.08,0.026749999999999996,0.05299999999999999,0.08,0.07659967680294945,0.1049519944048492,0.08,0.5626169850839859,-1.0930020393357647,-0.7592556375640817,1.0982321958323553,-0.018151568391341286,0.17124619227849808,0.06399941078667866,0.04117857137829022,0.17035970087930935,0.09600004390082904,-0.10665670905167864,-0.7945785753402669,-1.1281611299566499,0.796882313209707,0
move phase,1635809526.261389,2,52,1.0,1.0,1.0,-0.026750000000000003,0.053000000000000005,0.08,-0.026750000000000003,0.053000000000000005,0.08,-0.026750000000000003,0.053000000000000005,0.08,-0.06489170745024074,0.11406725925387723,0.08,0.02674999999999999,0.05299999999999999,0.08,0.0766242612283312,0.10492839364864061,0.08,0.554459470432183,-1.0920803334290203,-0.7706426186886813,1.0977498582489618,-0.01737510247562525,0.1713710710916372,0.06399941078667866,0.041544073598551785,0.17051957607138268,0.09600004390082904,-0.10665670905167864,-0.7945785753402669,-1.1281611299566499,0.796882313209707,0
move phase,1635809526.2721674,2,53,1.0,1.0,1.0,-0.026749999999999996,0.053,0.08,-0.026749999999999996,0.053,0.08,-0.026749999999999996,0.053,0.08,-0.06437564293891604,0.11438657013902304,0.08,0.026750000000000006,0.05300000000000001,0.08,0.07721166119989843,0.10435777204033161,0.08,0.5457462606699304,-1.0904766305865998,-0.7819589188183718,1.0968925943248276,-0.016476240585017135,0.1713887036760821,0.06399980568169746,0.04293934723093938,0.17036012143951162,0.09600019431825195,-0.10665670905167864,-0.7945785753402669,-1.1281611299566499,0.796882313209707,0
move phase,1635809526.2824378,2,54,1.0,1.0,1.0,-0.026750000000000003,0.053000000000000005,0.08,-0.026750000000000003,0.053000000000000005,0.08,-0.026750000000000003,0.053000000000000005,0.08,-0.06382433654500419,0.11472109501416648,0.08,0.026750000000000003,0.053,0.08,0.07779309287189001,0.10377994358082343,0.08,0.536569187345259,-1.0889950547693552,-0.793404501733558,1.0960385104401364,-0.01550407898942336,0.1713718421697895,0.06399994546593794,0.04433134469287409,0.1701877081319027,0.09600003941815925,-0.10665670905167864,-0.7945785753402669,-1.1281611299566499,0.796882313209707,0
move phase,1635809526.2928896,2,55,1.0,1.0,1.0,-0.026750000000000003,0.053,0.08,-0.026750000000000003,0.053,0.08,-0.026750000000000003,0.053,0.08,-0.06324141944684786,0.11506751410161528,0.08,0.026750000000000003,0.053,0.08,0.07837256647581903,0.10319074247756899,0.08,0.5269373671634217,-1.0876452858213173,-0.8049152818151102,1.0953056410225603,-0.014467088342444936,0.17132779377427662,0.06399994546593794,0.04572667273577588,0.17000335659931448,0.09600003941815925,-0.10665670905167864,-0.7945785753402669,-1.1281611299566499,0.796882313209707,0
move phase,1635809526.3034601,2,56,1.0,1.0,1.0,-0.026750000000000003,0.053000000000000005,0.08,-0.026750000000000003,0.053000000000000005,0.08,-0.026750000000000003,0.053000000000000005,0.08,-0.0626269047988107,0.11542473629945967,0.08,0.026750000000000003,0.05300000000000001,0.08,0.07894893488701525,0.10259103947953851,0.08,0.5168470287427693,-1.0863328512576225,-0.8165013470134904,1.0945859489570258,-0.013374366272833407,0.17127919165875724,0.06399987365441404,0.047124820968638396,0.16978013767401984,0.0960001263454591,-0.10665670905167864,-0.7945785753402669,-1.1281611299566499,0.796882313209707,0
move phase,1635809526.3137195,2,57,1.0,1.0,1.0,-0.026750000000000006,0.053000000000000005,0.08,-0.026750000000000006,0.053000000000000005,0.08,-0.026750000000000006,0.053000000000000005,0.08,-0.061980285708091526,0.1157919339479701,0.08,0.02675,0.053,0.08,0.07952148343524434,0.10198132844302749,0.08,0.5063047943723719,-1.0849314312671279,-0.8281510346510507,1.0937666838729294,-0.012227124973330873,0.17120836525439406,0.0639997033709705,0.048530124865099125,0.16954856944129332,0.0960002966280606,-0.10665670905167864,-0.7945785753402669,-1.1281611299566499,0.796882313209707,0
move phase,1635809526.3240407,2,58,1.0,1.0,1.0,-0.026750000000000003,0.053000000000000005,0.08,-0.026750000000000003,0.053000000000000005,0.08,-0.026750000000000003,0.053000000000000005,0.08,-0.06130101095404655,0.11616824868597639,0.08,0.026749999999999996,0.05299999999999999,0.08,0.08008968740989009,0.1013619452360553,0.08,0.49529999724471174,-1.083477421407432,-0.8398390455978648,1.0929210231315887,-0.011034108963906733,0.17112171499957746,0.06399991946875379,0.04994916630392392,0.1693090488505215,0.09600008053116986,-0.10665670905167864,-0.7945785753402669,-1.1281611299566499,0.796882313209707,0
move phase,1635809526.3343918,2,59,1.0,1.0,1.0,-0.02675,0.052999999999999985,0.08,-0.02675,0.052999999999999985,0.08,-0.02675,0.052999999999999985,0.08,-0.06058887557219783,0.11655258059283907,0.08,0.026749999999999986,0.052999999999999985,0.08,0.0806510369903355,0.10073550263029055,0.08,0.4838491343100311,-1.0818727804381092,-0.8515187943264516,1.091997709948574,-0.009790592671159504,0.17101522237482103,0.06399991946875379,0.05136547186584867,0.16905545269960515,0.09600008053116986,-0.10665670905167864,-0.7945785753402669,-1.1281611299566499,0.796882313209707,0
move phase,1635809526.3447013,2,60,1.0,1.0,1.0,-0.026750000000000003,0.053000000000000005,0.08,-0.026750000000000003,0.053000000000000005,0.08,-0.026750000000000003,0.053000000000000005,0.08,-0.05984585586053198,0.11694266435533392,0.08,0.026749999999999996,0.053,0.08,0.08120345985767419,0.1001043597719857,0.08,0.47200939294916755,-1.0800941847565648,-0.8631426251630376,1.0909513595521254,-0.008507247765779859,0.17089627604593222,0.06399991946875379,0.05278324582987486,0.16878879277356384,0.09600008053116986,-0.10665670905167864,-0.7945785753402669,-1.1281611299566499,0.796882313209707,0
move phase,1635809526.3549383,2,61,1.0,1.0,1.0,-0.026749999999999996,0.05299999999999999,0.08,-0.026749999999999996,0.05299999999999999,0.08,-0.026749999999999996,0.05299999999999999,0.08,-0.05907459028933036,0.11733599974063452,0.08,0.02675,0.053,0.08,0.08174493987079204,0.09947102956259915,0.08,0.45981787168762295,-1.078098584420902,-0.8746691043543333,1.0897501431283727,-0.007192316424664065,0.17076702587899514,0.06399991946875379,0.054199586901810475,0.16851097040808669,0.09600008053116986,-0.10665670905167864,-0.7945785753402669,-1.1281611299566499,0.796882313209707,0
move phase,1635809526.3653061,2,62,1.0,1.0,1.0,-0.026749999999999996,0.052999999999999985,0.08,-0.026749999999999996,0.052999999999999985,0.08,-0.026749999999999996,0.052999999999999985,0.08,-0.05827756813610218,0.11773030547914501,0.08,0.02675,0.053,0.08,0.08227319998232982,0.09883856742659186,0.08,0.44732407461015405,-1.0758569748004316,-0.886040588431934,1.0883713143401164,-0.005851993677186737,0.17062835873462054,0.06399991946875379,0.055609893151636995,0.16822392590362595,0.09600008053116986,-0.10665670905167864,-0.7945785753402669,-1.1281611299566499,0.796882313209707,0
move phase,1635809526.375585,2,63,1.0,1.0,1.0,-0.026749999999999996,0.05299999999999999,0.08,-0.026749999999999996,0.05299999999999999,0.08,-0.026749999999999996,0.05299999999999999,0.08,-0.05745907455314627,0.11812259776828088,0.08,0.026749999999999996,0.05299999999999999,0.08,0.0827852938180843,0.0982111252538682,0.08,0.4346162272635693,-1.0733565590967729,-0.8971779065523323,1.0868017120087217,-0.004495445037454741,0.17048192209634094,0.06399991946875379,0.05700748152754101,0.16793030694476097,0.09600008053116986,-0.10665670905167864,-0.7945785753402669,-1.1281611299566499,0.796882313209707,0
move phase,1635809526.3858016,2,64,1.0,1.0,1.0,-0.026750000000000003,0.053000000000000005,0.08,-0.026750000000000003,0.053000000000000005,0.08,-0.026750000000000003,0.053000000000000005,0.08,-0.05662450361015865,0.118509648404236,0.08,0.026750000000000003,0.053,0.08,0.0832783084993873,0.09759316470265478,0.08,0.4217765182240314,-1.0705634232824417,-0.9080155966265172,1.0850153991086646,-0.003133613151359377,0.17033019967003352,0.06399991946875379,0.05838544732458781,0.1676331915777664,0.09600008053116986,-0.10665670905167864,-0.7945785753402669,-1.1281611299566499,0.796882313209707,0
move phase,1635809526.3960397,2,65,1.0,1.0,1.0,-0.026750000000000003,0.05300000000000001,0.08,-0.026750000000000003,0.05300000000000001,0.08,-0.026750000000000003,0.05300000000000001,0.08,-0.05577812325033602,0.11888905873180541,0.08,0.026749999999999996,0.052999999999999985,0.08,0.08375017743196188,0.09698840498045888,0.08,0.40885407873554075,-1.0674738783452604,-0.9185026250746073,1.083018988473435,-0.001774903135348782,0.170175481036141,0.06399991946875379,0.05973879592510396,0.16733549774388673,0.09600008053116986,-0.10665670905167864,-0.7945785753402669,-1.1281611299566499,0.796882313209707,0
move phase,1635809526.4062285,2,66,1.0,1.0,1.0,-0.026749999999999996,0.053,0.08,-0.026749999999999996,0.053,0.08,-0.026749999999999996,0.053,0.08,-0.05491960339934315,0.11926064778074325,0.08,0.02675,0.053,0.08,0.08420081009907977,0.0963982075546845,0.08,0.39579778580971287,-1.0640787554619227,-0.928659780463199,1.0807813599417466,-0.00041925855015738367,0.17001847778643048,0.06399991946875379,0.06106608557954302,0.1670384540402351,0.09600008053116986,-0.10665670905167864,-0.7945785753402669,-1.1281611299566499,0.796882313209707,0
move phase,1635809526.4166324,2,67,1.0,1.0,1.0,-0.02675,0.053,0.08,-0.02675,0.053,0.08,-0.02675,0.053,0.08,-0.05404709970302261,0.11962483281632488,0.08,0.026749999999999996,0.053,0.08,0.08463139597009398,0.09582223722031799,0.08,0.3825906700315126,-1.0605371300802022,-0.9384917656139848,1.0783623460707676,0.0009354020507205546,0.1698599738678442,0.06399991946875379,0.06236055587293835,0.16666856017184467,0.06399999211846207,-0.10665670905167864,-0.7945785753402669,-1.1281611299566499,0.796882313209707,0
move phase,1635809526.4271095,2,68,1.0,1.0,1.0,-0.026750000000000003,0.053000000000000005,0.08,-0.026750000000000003,0.053000000000000005,0.08,-0.026750000000000003,0.053000000000000005,0.08,-0.05315968958061672,0.1199815519098764,0.08,0.026749999999999996,0.05299999999999999,0.08,0.0850441789780923,0.09525859317665632,0.08,0.3692455542735744,-1.0562807984650164,-0.9480863962149388,1.0755252876752581,0.002472203028297093,0.17093603481503797,0.06399987756293386,0.06364750369960327,0.16637140402626216,0.0639999840799591,-0.10665670905167864,-0.7945785753402669,-1.1281611299566499,0.796882313209707,0
move phase,1635809526.437481,2,69,1.0,1.0,1.0,-0.02675,0.053,0.08,-0.02675,0.053,0.08,-0.02675,0.053,0.08,-0.05225720285735966,0.12033039879871127,0.08,0.02675,0.053,0.08,0.08544233349532916,0.09470383662054441,0.08,0.3557263326668077,-1.0516845445805578,-0.9574681842546819,1.0724788168468449,0.0038259574397756513,0.17079212159975754,0.06399975969579294,0.06492914692262691,0.16607651175983304,0.0639999840799591,-0.10665670905167864,-0.7945785753402669,-1.1281611299566499,0.796882313209707,0
move phase,1635809526.447668,2,70,1.0,1.0,1.0,-0.026750000000000003,0.053000000000000005,0.08,-0.026750000000000003,0.053000000000000005,0.08,-0.026750000000000003,0.053000000000000005,0.08,-0.05134137879663639,0.12067026000304966,0.08,0.026749999999999996,0.053000000000000005,0.08,0.08582494588124683,0.09416006279304925,0.08,0.3421149997478275,-1.046867457930892,-0.9665707506168497,1.0691584395011304,0.00518823963056593,0.1706357507838924,0.0639998135672503,0.06619989610819187,0.16578203568761588,0.0639999840799591,-0.10665670905167864,-0.7945785753402669,-1.1281611299566499,0.796882313209707,0
move phase,1635809526.4580014,2,71,1.0,1.0,1.0,-0.026749999999999993,0.05299999999999999,0.08,-0.026749999999999993,0.05299999999999999,0.08,-0.026749999999999993,0.05299999999999999,0.08,-0.05041642253173579,0.12099926797068734,0.08,0.02675,0.053000000000000005,0.08,0.08619086538696281,0.09362983536822375,0.08,0.32845746261527703,-1.0417944022060146,-0.9753797651837339,1.0655734522048035,0.006545049927071493,0.17047653977180835,0.0639999145059323,0.06745558795859807,0.16548969175262745,0.0639999840799591,-0.10665670905167864,-0.7945785753402669,-1.1281611299566499,0.796882313209707,0
move phase,1635809526.468223,2,72,1.0,1.0,1.0,-0.026749999999999996,0.05299999999999999,0.08,-0.026749999999999996,0.05299999999999999,0.08,-0.026749999999999996,0.05299999999999999,0.08,-0.04948600016401544,0.12131598858643478,0.08,0.026749999999999996,0.053,0.08,0.08653945306454074,0.09311510067596836,0.08,0.31481207788910226,-1.0363016923784896,-0.983859312160473,1.0617847963500793,0.00789191509937269,0.17031209928863478,0.06399999267251415,0.06868718270346905,0.16516693298387994,0.06399997158065804,-0.10665670905167864,-0.7945785753402669,-1.1281611299566499,0.796882313209707,0
move phase,1635809526.4784226,2,73,1.0,1.0,1.0,-0.026750000000000003,0.053000000000000005,0.08,-0.026750000000000003,0.053000000000000005,0.08,-0.026750000000000003,0.053000000000000005,0.08,-0.048553713024325776,0.1216192254281032,0.08,0.026750000000000003,0.05300000000000001,0.08,0.08687081336727367,0.09261676160487436,0.08,0.3012237821030666,-1.030518338181318,-0.9920188911717047,1.0578845716846648,0.009208111592496043,0.17016215118305025,0.06399999267251415,0.06989460105951291,0.16487123162078882,0.06399997971939292,-0.10665670905167864,-0.7945785753402669,-1.1281611299566499,0.796882313209707,0
move phase,1635809526.4889238,2,74,1.0,1.0,1.0,-0.026749999999999996,0.053,0.08,-0.026749999999999996,0.053,0.08,-0.026749999999999996,0.053,0.08,-0.047624421277374984,0.12190760869696957,0.08,0.02675,0.053,0.08,0.08718554647397296,0.09213495524965187,0.08,0.287776629623851,-1.0246211007691763,-0.9998608425239149,1.053815481159364,0.010507455363259484,0.1700067660924255,0.06399999267251415,0.07107417613966842,0.16457805474426235,0.0639999546023311,-0.10665670905167864,-0.7945785753402669,-1.1281611299566499,0.796882313209707,0
move phase,1635809526.4992115,2,75,1.0,1.0,1.0,-0.026749999999999993,0.053,0.08,-0.026749999999999993,0.053,0.08,-0.026749999999999993,0.053,0.08,-0.0466997279882895,0.12218098259777219,0.08,0.026749999999999996,0.05299999999999999,0.08,0.08748489684633114,0.09166875101507044,0.08,0.2744339742977891,-1.0185617085163954,-1.0074201341363695,1.0495195624146287,0.011787391261312508,0.16984754221557574,0.06399999267251415,0.07223345870549722,0.16428847836342717,0.06399985430800348,-0.10665670905167864,-0.7945785753402669,-1.1281611299566499,0.796882313209707,0
move phase,1635809526.5096116,2,76,1.0,1.0,1.0,-0.02675,0.053,0.08,-0.02675,0.053,0.08,-0.02675,0.053,0.08,-0.045779514895103436,0.12243974051547887,0.08,0.026749999999999996,0.053,0.08,0.08776972939089865,0.09121770041566471,0.08,0.2612167673077197,-1.01241134031382,-1.0146952571906278,1.0450086959771412,0.013047422958983666,0.1696862790831471,0.06399999267251415,0.07320359940246707,0.16292098321139376,0.0639998661817571,-0.10665670905167864,-0.7945785753402669,-1.1281611299566499,0.796882313209707,0
move phase,1635809526.5199792,2,77,1.0,1.0,1.0,-0.026749999999999996,0.05299999999999999,0.08,-0.026749999999999996,0.05299999999999999,0.08,-0.026749999999999996,0.05299999999999999,0.08,-0.04486280277775691,0.12268447729253681,0.08,0.026749999999999986,0.05299999999999998,0.08,0.08804111989472861,0.09078092934338697,0.08,0.24807370850260302,-1.0061836919887257,-1.0217172802874899,1.04024158183956,0.014292822476267161,0.16951882392746123,0.06399999267251415,0.0743196655515447,0.1626411339072779,0.06399982962485376,-0.10665670905167864,-0.7945785753402669,-1.1281611299566499,0.796882313209707,0
move phase,1635809526.5301118,2,78,1.0,1.0,1.0,-0.026750000000000003,0.053000000000000005,0.08,-0.026750000000000003,0.053000000000000005,0.08,-0.026750000000000003,0.053000000000000005,0.08,-0.043949664456879825,0.12291545996824126,0.08,0.026750000000000003,0.053000000000000005,0.08,0.0882996706838441,0.09035823923460984,0.08,0.23504626359736,-0.9998672774571457,-1.0284728731343171,1.0352453283863239,0.01552346302167884,0.16934595783154116,0.06399999267251415,0.07542339553676383,0.16236502098822833,0.06399974789168215,-0.10665670905167864,-0.7945785753402669,-1.1281611299566499,0.796882313209707,0
move phase,1635809526.5403104,2,79,1.0,1.0,1.0,-0.026750000000000003,0.053000000000000005,0.08,-0.026750000000000003,0.053000000000000005,0.08,-0.026750000000000003,0.053000000000000005,0.08,-0.04304019310742865,0.1231329423917369,0.08,0.026750000000000003,0.053000000000000005,0.08,0.088546073124774,0.08994922660026305,0.08,0.22209411482307942,-0.9934500365972857,-1.0349935367146454,1.030020261719501,0.016738913470217325,0.16916882449139076,0.06399999267251415,0.07651508570929619,0.16209227179050037,0.06399967227187041,-0.10665670905167864,-0.7945785753402669,-1.1281611299566499,0.796882313209707,0
move phase,1635809526.5508094,2,80,1.0,1.0,1.0,-0.026749999999999993,0.05299999999999999,0.08,-0.026749999999999993,0.05299999999999999,0.08,-0.026749999999999993,0.05299999999999999,0.08,-0.042134041976888414,0.12333726787737304,0.08,0.02675,0.053,0.08,0.0887811800144745,0.08955314905739117,0.08,0.20923819200673546,-0.9869496157222282,-1.041279729567509,1.0245811537760838,0.017940324004842148,0.1689871810843867,0.06399999267251415,0.07759595904037911,0.16182224363334852,0.06399960151077222,-0.10665670905167864,-0.7945785753402669,-1.1281611299566499,0.796882313209707,0
move phase,1635809526.5609848,2,81,1.0,1.0,1.0,-0.026750000000000003,0.053000000000000005,0.08,-0.026750000000000003,0.053000000000000005,0.08,-0.026750000000000003,0.053000000000000005,0.08,-0.04123628584080031,0.123527636586934,0.08,0.02674999999999999,0.05299999999999999,0.08,0.08900442987295104,0.0891716181721777,0.08,0.19659087353841428,-0.9804232180454535,-1.0472875091526725,1.018965781782983,0.019121419626301844,0.1688022587792984,0.06399999267251415,0.0786617106099951,0.16155611801627306,0.06399953704874276,-0.10665670905167864,-0.7945785753402669,-1.1281611299566499,0.796882313209707,0
move phase,1635809526.5712166,2,82,1.0,1.0,1.0,-0.026750000000000003,0.05299999999999999,0.08,-0.026750000000000003,0.05299999999999999,0.08,-0.026750000000000003,0.05299999999999999,0.08,-0.040353758539960594,0.1237031665032511,0.08,0.02675,0.053000000000000005,0.08,0.08921489231371857,0.0888069438550059,0.08,0.18422824765777332,-0.9739153233310321,-1.0529916985979333,1.013202561784927,0.020273670435397767,0.16861595844221502,0.06399999267251415,0.07970650829589132,0.16129578001494166,0.06399947362306682,-0.10665670905167864,-0.7945785753402669,-1.1281611299566499,0.796882313209707,0
move phase,1635809526.581562,2,83,1.0,1.0,1.0,-0.026749999999999996,0.053,0.08,-0.026749999999999996,0.053,0.08,-0.026749999999999996,0.053,0.08,-0.03949086980819985,0.12386374416110468,0.08,0.02675,0.05299999999999999,0.08,0.08941229575296858,0.0884603537907829,0.08,0.17219296240261497,-0.967453311802753,-1.058383601801129,1.007314941923639,0.02139193888753737,0.16842973600727645,0.06399999267251415,0.08072691756144236,0.16104245419077395,0.06399940451466486,-0.10665670905167864,-0.7945785753402669,-1.1281611299566499,0.796882313209707,0
move phase,1635809526.5918038,2,84,1.0,1.0,1.0,-0.026749999999999996,0.053000000000000005,0.08,-0.026749999999999996,0.053000000000000005,0.08,-0.026749999999999996,0.053000000000000005,0.08,-0.038651510402777645,0.124009534924069,0.08,0.026749999999999996,0.05299999999999999,0.08,0.08959648962971364,0.08813287265827108,0.08,0.16054320885096424,-0.9610703251073146,-1.0634460369040626,1.001336435128091,0.02247166096447155,0.16824528908204256,0.06399999267251415,0.08171954098879061,0.16079728520570225,0.0639993327405618,-0.10665670905167864,-0.7945785753402669,-1.1281611299566499,0.796882313209707,0
move phase,1635809526.602018,2,85,1.0,1.0,1.0,-0.02675,0.052999999999999985,0.08,-0.02675,0.052999999999999985,0.08,-0.02675,0.052999999999999985,0.08,-0.03783580354050314,0.12414144333552252,0.08,0.02675,0.053,0.08,0.08976816502662686,0.08782399857392632,0.08,0.14922251209761456,-0.9547506528137674,-1.0682151351729552,0.9952680907873023,0.023513390950860323,0.16806319602340652,0.06399999267251415,0.08268455659503203,0.16056025782395839,0.06399925987126609,-0.10665670905167864,-0.7945785753402669,-1.1281611299566499,0.796882313209707,0
move phase,1635809526.6123898,2,86,1.0,1.0,1.0,-0.026750000000000006,0.053000000000000005,0.08,-0.026750000000000006,0.053000000000000005,0.08,-0.026750000000000006,0.053000000000000005,0.08,-0.03704248343532999,0.12426054156918442,0.08,0.02675,0.053,0.08,0.08992826465918674,0.08753269283814619,0.08,0.1382415577589404,-0.948507438345565,-1.0726947568623983,0.9891283176036099,0.024519601416396558,0.16788339948362657,0.06399999267251415,0.08362332617304265,0.16033089689379476,0.06399918558542159,-0.10665670905167864,-0.7945785753402669,-1.1281611299566499,0.796882313209707,0
move phase,1635809526.6227283,2,87,1.0,1.0,1.0,-0.026750000000000003,0.05299999999999999,0.08,-0.026750000000000003,0.05299999999999999,0.08,-0.026750000000000003,0.05299999999999999,0.08,-0.036271590739321416,0.12436763489000367,0.08,0.026749999999999996,0.053,0.08,0.09007740257000953,0.08725843084170595,0.08,0.12758588860319783,-0.9423423361990368,-1.0769014871169587,0.9829276448380712,0.02549088168260282,0.16770631304527087,0.06399999267251415,0.08453612752996344,0.16010916003904452,0.06399910961258755,-0.10665670905167864,-0.7945785753402669,-1.1281611299566499,0.796882313209707,0
move phase,1635809526.6331913,2,88,1.0,1.0,1.0,-0.026749999999999993,0.053000000000000005,0.08,-0.026749999999999993,0.053000000000000005,0.08,-0.026749999999999993,0.053000000000000005,0.08,-0.03552371777126523,0.12446343034356933,0.08,0.02674999999999999,0.052999999999999985,0.08,0.0902160601033245,0.08700087079710161,0.08,0.11727908030142427,-0.9362747341777057,-1.0808345648199236,0.9766911139735164,0.026427099177080297,0.16753244824910524,0.06399999267251415,0.08542253257452416,0.1598951566393556,0.06399903240751321,-0.10665670905167864,-0.7945785753402669,-1.1281611299566499,0.796882313209707,0
move phase,1635809526.644171,2,89,1.0,1.0,1.0,-0.026750000000000003,0.05299999999999999,0.08,-0.026750000000000003,0.05299999999999999,0.08,-0.026750000000000003,0.05299999999999999,0.08,-0.03479590839094284,0.1245490276535227,0.08,0.026750000000000003,0.053000000000000005,0.08,0.09034545052594994,0.08675823858558755,0.08,0.1072167608799491,-0.9302678726716026,-1.0845512217413171,0.970411872709954,0.027332838607957106,0.1673609748208902,0.06399999267251415,0.08628515777335335,0.1596876851154201,0.06399895951798965,-0.10665670905167864,-0.7945785753402669,-1.1281611299566499,0.796882313209707,0
move phase,1635809526.6543705,2,90,1.0,1.0,1.0,-0.026750000000000003,0.053000000000000005,0.08,-0.026750000000000003,0.053000000000000005,0.08,-0.026750000000000003,0.053000000000000005,0.08,-0.03408655406445027,0.1246252397864007,0.08,0.02675000000000001,0.05300000000000002,0.08,0.09046643443823095,0.08652933018237342,0.08,0.09744601169894812,-0.9243464076632113,-1.0880387644600018,0.9641113108611359,0.02821073469784445,0.1671915625872024,0.06399999267251415,0.08712574070254077,0.15948601510854665,0.06399889803911649,-0.10665670905167864,-0.7945785753402669,-1.1281611299566499,0.796882313209707,0
move phase,1635809526.664869,2,91,1.0,1.0,1.0,-0.02675,0.052999999999999985,0.08,-0.02675,0.052999999999999985,0.08,-0.02675,0.052999999999999985,0.08,-0.033395125476720626,0.12469269354263818,0.08,0.02675,0.05299999999999999,0.08,0.09057959484509258,0.08631340303708594,0.08,0.08790695100393991,-0.9184918088974476,-1.0913332245723915,0.9577799457775769,0.02906188310268227,0.1670243141497822,0.06399999267251415,0.08794535615453566,0.1592898542074367,0.06399884983408351,-0.10665670905167864,-0.7945785753402669,-1.1281611299566499,0.796882313209707,0
move phase,1635809526.6751604,2,92,1.0,1.0,1.0,-0.026749999999999996,0.052999999999999985,0.08,-0.026749999999999996,0.052999999999999985,0.08,-0.026749999999999996,0.052999999999999985,0.08,-0.03272045302287342,0.12475202917480213,0.08,0.026750000000000003,0.053,0.08,0.09068556837371125,0.08610956201357081,0.08,0.07861941815179586,-0.9127213484560757,-1.0944309135300045,0.9514315660213065,0.029888425259675902,0.16685870779133172,0.06399999267251415,0.08874544567408041,0.15909871049125518,0.0639988170325443,-0.10665670905167864,-0.7945785753402669,-1.1281611299566499,0.796882313209707,0
move phase,1635809526.6853526,2,93,1.0,1.0,1.0,-0.02675,0.053,0.08,-0.02675,0.053,0.08,-0.02675,0.053,0.08,-0.03206323586357872,0.12480368740293202,0.08,0.026749999999999996,0.053,0.08,0.09078452466926089,0.08591777104212586,0.08,0.06958136462583589,-0.9070370850907437,-1.0973381672037064,0.9450737203979128,0.030689781119819445,0.16669524840746047,0.06399999267251415,0.08952545964529784,0.15891289210409065,0.06399879432245334,-0.10665670905167864,-0.7945785753402669,-1.1281611299566499,0.796882313209707,0
move phase,1635809526.6956332,2,94,1.0,1.0,1.0,-0.026749999999999993,0.05299999999999999,0.08,-0.026749999999999993,0.05299999999999999,0.08,-0.026749999999999993,0.05299999999999999,0.08,-0.03142380535769346,0.12484814224096817,0.08,0.026749999999999996,0.053,0.08,0.09087669539442864,0.08573785175893743,0.08,0.06080092416050294,-0.9014455664460208,-1.1000563285363185,0.9387171220866644,0.03146577181088929,0.1665344122524679,0.06399999267251415,0.0902851631720754,0.15873260059624406,0.06399878104825663,-0.10665670905167864,-0.7945785753402669,-1.1281611299566499,0.796882313209707,0
move phase,1635809526.7059574,2,95,1.0,1.0,1.0,-0.02674999999999999,0.05299999999999999,0.08,-0.02674999999999999,0.05299999999999999,0.08,-0.02674999999999999,0.05299999999999999,0.08,-0.03080350957553595,0.12488580569292546,0.08,0.026749999999999996,0.053,0.08,0.09096208085963275,0.0855700579010229,0.08,0.05233040254388755,-0.8959523319128856,-1.1025935881714977,0.9321955341830533,0.03221485868476033,0.1663771214797798,0.06399999267251415,0.09102404852444533,0.1585629956836027,0.0639987768826333,-0.10665670905167864,-0.7945785753402669,-1.1281611299566499,0.796882313209707,0
move phase,1635809526.716279,2,96,1.0,1.0,1.0,-0.02675,0.05299999999999999,0.08,-0.02675,0.05299999999999999,0.08,-0.02675,0.05299999999999999,0.08,-0.030206663227421587,0.12491697629442015,0.08,0.026749999999999996,0.053,0.08,0.09104204394507386,0.0854119281340171,0.08,0.044156449809776274,-0.8905212354167069,-1.10497127587923,0.9254335026967111,0.03292934585750365,0.16622906146018035,0.06399999267251415,0.09177562858468567,0.15840120583766049,0.0639987768826333,-0.10665670905167864,-0.7945785753402669,-1.1281611299566499,0.796882313209707,0
move phase,1635809526.7266927,2,97,1.0,1.0,1.0,-0.026749999999999996,0.05299999999999999,0.08,-0.026749999999999996,0.05299999999999999,0.08,-0.026749999999999996,0.05299999999999999,0.08,-0.029626674757284747,0.12494250998082283,0.08,0.026749999999999996,0.05299999999999999,0.08,0.09111650323052956,0.08526380730593064,0.08,0.03619229614094527,-0.8851428567883705,-1.107205883974981,0.9186148095144722,0.03361894348499874,0.16608659578991725,0.06399999267251415,0.0925141131299944,0.15824339001706955,0.0639987768826333,-0.10665670905167864,-0.7945785753402669,-1.1281611299566499,0.796882313209707,0
move phase,1635809526.737143,2,98,1.0,1.0,1.0,-0.026750000000000006,0.053000000000000005,0.08,-0.026750000000000006,0.053000000000000005,0.08,-0.026750000000000006,0.053000000000000005,0.08,-0.02906148512618216,0.12496288652153581,0.08,0.026750000000000003,0.05300000000000001,0.08,0.09118602671869755,0.08512473285036465,0.08,0.028435381989126866,-0.8798367890578286,-1.1092977175057561,0.911779537906125,0.03428734725849496,0.1659478771816893,0.06399999267251415,0.09323976355711883,0.15808879915098661,0.0639987768826333,-0.10665670905167864,-0.7945785753402669,-1.1281611299566499,0.796882313209707,0
move phase,1635809526.7474482,2,99,1.0,1.0,1.0,-0.026750000000000006,0.05300000000000002,0.08,-0.026750000000000006,0.05300000000000002,0.08,-0.026750000000000006,0.05300000000000002,0.08,-0.02850963512917766,0.12497849459534541,0.08,0.026749999999999996,0.052999999999999985,0.08,0.09125097788382201,0.08499412214814936,0.08,0.020847710582403825,-0.8745449447427974,-1.1112638935429273,0.904947796489058,0.034936377937144256,0.16581288512468836,0.06399999267251415,0.09395055615412079,0.15793714843089673,0.0639987768826333,-0.10665670905167864,-0.7945785753402669,-1.1281611299566499,0.796882313209707,0
move phase,1635809526.7581143,2,100,1.0,1.0,1.0,-0.026750000000000003,0.05300000000000002,0.08,-0.026750000000000003,0.05300000000000002,0.08,-0.026750000000000003,0.05300000000000002,0.08,-0.027969665324192386,0.12498966881780307,0.08,0.026750000000000003,0.053,0.08,0.09131180046591811,0.08487120833289782,0.08,0.013424250026468475,-0.8692926385080656,-1.1131128185678643,0.8980766659296631,0.035567865228799136,0.16568151364133565,0.06399999267251415,0.09464794126434325,0.157787893465288,0.0639987768826333,-0.10665670905167864,-0.7945785753402669,-1.1281611299566499,0.796882313209707,0
move phase,1635809526.7683942,2,101,1.0,1.0,1.0,-0.026749999999999993,0.05299999999999999,0.08,-0.026749999999999993,0.05299999999999999,0.08,-0.026749999999999993,0.05299999999999999,0.08,-0.027440546268980376,0.12499668843669404,0.08,0.026749999999999996,0.05299999999999999,0.08,0.09136888333624589,0.08475531319915836,0.08,0.0061412116062530015,-0.8640547001522244,-1.1148580400687973,0.8911184934418758,0.03618261563804999,0.16555451496705173,0.06399999267251415,0.09533974649451019,0.1576401885293761,0.0639987768826333,-0.10665670905167864,-0.7945785753402669,-1.1281611299566499,0.796882313209707,0
move phase,1635809526.7785413,2,102,1.0,1.0,1.0,-0.026749999999999993,0.053,0.08,-0.026749999999999993,0.053,0.08,-0.026749999999999993,0.053,0.08,-0.02692185409696275,0.1249997949036617,0.08,0.026749999999999996,0.05299999999999999,0.08,0.09142247328673225,0.08464602975061648,0.08,-0.000992066210535885,-0.8588309690951295,-1.1164994077610264,0.8840874163343841,0.03678127100142316,0.1654319093254203,0.06399999267251415,0.09602633112255737,0.15749366045437072,0.0639987768826333,-0.10665670905167864,-0.7945785753402669,-1.1281611299566499,0.796882313209707,0
move phase,1635809526.789039,2,103,1.0,1.0,1.0,-0.026749999999999993,0.052999999999999985,0.08,-0.026749999999999993,0.052999999999999985,0.08,-0.026749999999999993,0.052999999999999985,0.08,-0.026416037935537772,0.1249992254773584,0.08,0.026749999999999986,0.052999999999999985,0.08,0.09147224367734157,0.08454411471845122,0.08,-0.007920053611703247,-0.8536501716738192,-1.1180152600471835,0.8770134172159051,0.03736078481629644,0.1653149904285026,0.06399999267251415,0.09670454138465766,0.15734930592639368,0.0639987768826333,-0.10665670905167864,-0.7945785753402669,-1.1281611299566499,0.796882313209707,0
move phase,1635809526.7995815,2,104,1.0,1.0,1.0,-0.026750000000000003,0.05300000000000001,0.08,-0.026750000000000003,0.05300000000000001,0.08,-0.026750000000000003,0.05300000000000001,0.08,-0.0259300398863126,0.12499533085841028,0.08,0.026750000000000003,0.053000000000000005,0.08,0.0915169733063857,0.08445217271874747,0.08,-0.014513279729177951,-0.8485598662868089,-1.1193480702216252,0.8700506672070762,0.037939154916188315,0.165324210952626,0.06399991489571492,0.09736700875769325,0.1572103330263136,0.0639987768826333,-0.10665670905167864,-0.7945785753402669,-1.1281611299566499,0.796882313209707,0
move phase,1635809526.8101268,2,105,1.0,1.0,1.0,-0.026749999999999996,0.05299999999999999,0.08,-0.026749999999999996,0.05299999999999999,0.08,-0.026749999999999996,0.05299999999999999,0.08,-0.02546788579197122,0.12498858370017824,0.08,0.026750000000000006,0.053,0.08,0.09155591370605339,0.08437185918500151,0.08,-0.020773384006356883,-0.8435391468052387,-1.1205031986498395,0.8632219303007689,0.03845543377467674,0.16523276144294943,0.0639994915572426,0.0979937677647082,0.15708036516086726,0.0639987768826333,-0.10665670905167864,-0.7945785753402669,-1.1281611299566499,0.796882313209707,0
move phase,1635809526.8203282,2,106,1.0,1.0,1.0,-0.026749999999999996,0.053000000000000005,0.08,-0.026749999999999996,0.053000000000000005,0.08,-0.026749999999999996,0.053000000000000005,0.08,-0.02502631605065955,0.12497936449874217,0.08,0.026749999999999996,0.053,0.08,0.09158995650006221,0.08430143832270395,0.08,-0.026794288507104226,-0.8385822143421313,-1.1215269107955255,0.8564203880649004,0.038942864861624044,0.16515146862553537,0.06399906299250827,0.09860201990792486,0.15695681508786263,0.0639987768826333,-0.10665670905167864,-0.7945785753402669,-1.1281611299566499,0.796882313209707,0
move phase,1635809526.8306353,2,107,1.0,1.0,1.0,-0.026749999999999993,0.053,0.08,-0.026749999999999993,0.053,0.08,-0.026749999999999993,0.053,0.08,-0.024599796407194244,0.12496788606392076,0.08,0.026749999999999996,0.05299999999999999,0.08,0.09162021275899347,0.084238685897504,0.08,-0.03263350876619703,-0.8336458569013794,-1.1224441898141757,0.8497326644175878,0.03940914922964335,0.16507726829694236,0.06399858964166825,0.0991931443005504,0.1568377459051235,0.0639987768826333,-0.10665670905167864,-0.7945785753402669,-1.1281611299566499,0.796882313209707,0
move phase,1635809526.841287,2,108,1.0,1.0,1.0,-0.026750000000000003,0.05300000000000001,0.08,-0.026750000000000003,0.05300000000000001,0.08,-0.026750000000000003,0.05300000000000001,0.08,-0.024182537210290518,0.12495420859701994,0.08,0.026749999999999993,0.05299999999999999,0.08,0.09164790463352847,0.08418111566601556,0.08,-0.03839640576006588,-0.8287177375897309,-1.1233047842770325,0.8430698418241542,0.03986130893988101,0.16500867843276407,0.0639979350244093,0.0997690042912304,0.156720901621536,0.0639987768826333,-0.10665670905167864,-0.7945785753402669,-1.1281611299566499,0.796882313209707,0
move phase,1635809526.8516681,2,109,1.0,1.0,1.0,-0.02675,0.05299999999999999,0.08,-0.02675,0.05299999999999999,0.08,-0.02675,0.05299999999999999,0.08,-0.02376976926349595,0.12493829456386352,0.08,0.026749999999999996,0.053,0.08,0.09167399910636378,0.08412674637730189,0.08,-0.044110381116692146,-0.8237866747773662,-1.124121785660303,0.8364135743662535,0.040306578702836625,0.16494150855141593,0.06399718110500813,0.100338782250478,0.15660360019414826,0.0639987768826333,-0.10665670905167864,-0.7945785753402669,-1.1281611299566499,0.796882313209707,0
move phase,1635809526.8619688,2,110,1.0,1.0,1.0,-0.026749999999999996,0.05299999999999999,0.08,-0.026749999999999996,0.05299999999999999,0.08,-0.026749999999999996,0.05299999999999999,0.08,-0.023360387289962408,0.12492016772558273,0.08,0.02675,0.053000000000000005,0.08,0.09169874267507577,0.08407508366725328,0.08,-0.04978152734491457,-0.8188509798273154,-1.1248982752788705,0.8297682897873142,0.04074646716989684,0.16487516503312596,0.06399631114321945,0.10090305093364214,0.15648539726693556,0.0639987768826333,-0.10665670905167864,-0.7945785753402669,-1.1281611299566499,0.796882313209707,0
move phase,1635809526.8724694,2,111,1.0,1.0,1.0,-0.02675,0.05300000000000001,0.08,-0.02675,0.05300000000000001,0.08,-0.02675,0.05300000000000001,0.08,-0.02295612367831218,0.12489997567771313,0.08,0.026750000000000006,0.053000000000000005,0.08,0.09172181730507258,0.08402681027879394,0.08,-0.05535884621662956,-0.8139303376270864,-1.1256114505808505,0.8231567715721738,0.04117858751714061,0.16481083651456768,0.06399530882388263,0.10145968866693997,0.1563673014815966,0.0639987768826333,-0.10665670905167864,-0.7945785753402669,-1.1281611299566499,0.796882313209707,0
move phase,1635809526.8827422,2,112,1.0,1.0,1.0,-0.026749999999999996,0.053000000000000005,0.08,-0.026749999999999996,0.053000000000000005,0.08,-0.026749999999999996,0.053000000000000005,0.08,-0.022558677725968104,0.12487790215076677,0.08,0.02675000000000001,0.05300000000000001,0.08,0.09174301276748537,0.08398238679323278,0.08,-0.060843820758355746,-0.8090579647971402,-1.126266193917801,0.8163773336537502,0.04160013796737315,0.16475008433598692,0.06399431640147583,0.10201433293773332,0.15624906506256592,0.0639987768826333,-0.10665670905167864,-0.7945785753402669,-1.1281611299566499,0.796882313209707,0
move phase,1635809526.8932688,2,113,1.0,1.0,1.0,-0.026750000000000003,0.05299999999999999,0.08,-0.026750000000000003,0.05299999999999999,0.08,-0.026750000000000003,0.05299999999999999,0.08,-0.02216890507739638,0.12485411309946072,0.08,0.02675000000000001,0.05300000000000002,0.08,0.0917619656564171,0.08394259720011954,0.08,-0.0662122345992346,-0.8042018343572925,-1.126841665180661,0.8098173664608824,0.04201315661392262,0.16468862357649938,0.06399325530019336,0.1025593623564012,0.15613254823643913,0.0639987768826333,-0.10665670905167864,-0.7945785753402669,-1.1281611299566499,0.796882313209707,0
move phase,1635809526.9036126,2,114,1.0,1.0,1.0,-0.026750000000000003,0.053,0.08,-0.026750000000000003,0.053,0.08,-0.026750000000000003,0.053,0.08,-0.02178795128244487,0.12482881088062511,0.08,0.026749999999999996,0.053,0.08,0.09177845523911513,0.08390792793466427,0.08,-0.07145579101772281,-0.7993828870211567,-1.1273369054167814,0.8033229710659313,0.042412672023973835,0.16463292880721583,0.06399189877724018,0.1030852815256519,0.156019844324739,0.0639987768826333,-0.10665670905167864,-0.7945785753402669,-1.1281611299566499,0.796882313209707,0
move phase,1635809526.9138591,2,115,1.0,1.0,1.0,-0.02675,0.053,0.08,-0.02675,0.053,0.08,-0.02675,0.053,0.08,-0.021413712734339715,0.12480197795477749,0.08,0.026749999999999996,0.05299999999999999,0.08,0.09179289325566307,0.08387753288286512,0.08,-0.07663774706299209,-0.7945785753402669,-1.1277794944991604,0.796882313209707,0.042802919007872295,0.16457958700813036,0.06399035754144566,0.10359958545814496,0.15590929549741522,0.0639987768826333,-0.10665670905167864,-0.7945785753402669,-1.1281611299566499,0.796882313209707,0
move phase,1635809526.9243143,2,116,1.0,1.0,1.0,-0.026750000000000003,0.052999999999999985,0.08,-0.026750000000000003,0.052999999999999985,0.08,-0.026750000000000003,0.052999999999999985,0.08,-0.02104362244653979,0.12477351360507136,0.08,0.026749999999999996,0.05299999999999999,0.08,0.09180574318766854,0.08385045021227593,0.08,-0.08176824118067921,-0.7897852294287203,-1.128173282219856,0.7904731449855537,0.043187310471432525,0.1645271471021565,0.06398861109275826,0.10410420445580648,0.15579988145783308,0.0639987768826333,-0.10665670905167864,-0.7945785753402669,-1.1281611299566499,0.796882313209707,0
