x,y,ang,f1y,f2y
0,0,-0.15604865508026816,-0.007002007889451933,-0.0055449963758586905
0,0,0.19035981213058567,0.006719361360107397,0.004667945399110756
0,0,-0.10703378919570947,-0.0005343617707995289,0.009526099859512504
0,0,-0.1995164645654784,-0.0002774575170641346,-0.003750312966074059
0,0,-0.2559336438028518,0.007191409045861,-0.0006528611580147413
0,0,0.1366476552994611,-0.008977999805214541,-0.0008305434762376756
0,0,0.23938747988388587,0.006928763591778705,0.008904238280740799
0,0,-0.13847335066170458,-0.006619810854789417,-0.008334285275330214
0,0,-0.20528127277118657,9.233497833636105e-05,-0.00927294247503538
0,0,-0.18263397761433053,-0.009259728008146503,0.00024673721496187156
0,0,-0.13155425168233353,0.009106888133665872,-0.004445538691240865
0,0,0.14703022104829272,-0.0011397611672030045,-0.0011601389138820375
0,0,0.10042562397642021,0.0066601604643668055,-0.00494060684876874
0,0,0.21028368069669445,-0.0008528973474143629,0.00929856292579631
0,0,-0.21777090586938297,-0.00969914165286674,-0.003868499120219364
0,0,-0.12566164495928409,-0.00821321887570807,0.003740297733646954
0,0,-0.1478811199702376,0.0019343564021035275,-0.003323709291851942
0,0,0.2455549821246713,-0.0019861449252572636,0.007007782296873358
0,0,-0.10481373237459485,-8.086180969186368e-05,-0.0023957626881067843
0,0,0.14470056393278152,-0.0013177666059913107,0.007253064875446231
0,0,0.13780680166499337,0.0012356215345013521,0.008841344563885445
0,0,0.15399378825519314,0.007602487716055735,0.009813555440335736
0,0,0.22614187217445086,0.0054742315318488995,-0.00941073436501359
0,0,0.18211333560637982,-0.004352833280782933,0.0056134045514318
0,0,0.11892718599732899,-0.004721350155400828,0.0015625198068508414
0,0,-0.21721322755408712,0.005060889120030531,0.0036899861697902245
0,0,0.24077777034623554,-0.0030403726731931015,0.0011426772295903623
0,0,0.12564974350827152,-0.0084996824177495,-0.009997958993190241
0,0,-0.17325263670257593,-0.00989216829791409,-0.0010546269076614507
0,0,0.20972668091948382,-0.0031950948827527874,-0.004846168779285422
0,0,-0.17836554898623963,0.004345259746075178,-0.0023206337103791235
0,0,0.1994344719033176,-0.0007785431746625288,-0.007347020802001874
0,0,-0.17967141225045796,-0.001091106630113652,-0.00852206400655467
0,0,0.24526806448020722,-0.006822687314101324,-0.00386043582412509
0,0,0.17581177412945426,0.009573146854205997,0.002184528326050981
0,0,0.1420455619510956,-0.0052936168773964455,0.006495977339738121
0,0,-0.16080516321841376,-0.002131394901827899,0.00021996081149313652
0,0,-0.12286559421177123,-0.006840859373805092,0.0011412097885991554
0,0,0.11926517051293611,0.007381379023217708,0.0011015184137494315
0,0,-0.25792830399113553,-0.005934692936724078,0.0034353891378870825
0,0,-0.14588048906829643,-0.008865965838135943,0.008249724003048643
0,0,-0.17004132028352587,0.0021880258100100223,-0.005210170827202645
0,0,-0.21467528324013785,0.009847482795789257,0.004423687824183382
0,0,0.1196278856886272,0.004954681195835468,0.009525229632479952
0,0,0.155241698332626,0.004700354164528107,0.00018571034304117225
0,0,-0.16250432499597875,-0.0015047491902257897,0.0017777999673398836
0,0,0.21954079898797152,-0.004885567387668286,0.001407862880249489
0,0,0.1822082193007048,0.0062834682827694905,0.006671286812881068
0,0,0.12258690431465577,0.008290436370145251,0.0022215318799772513
0,0,0.11418208855811549,-0.005766131357117481,0.00834446967403408
0,0,-0.24624364595147058,-0.007725607518750386,0.0017519472320220355
0,0,0.2214934830696626,-0.004518516748136357,-0.0039193569307508615
0,0,-0.25561973841167374,-0.003825177045710138,0.005228515431199477
0,0,0.23970853640324663,-0.003083593956078958,0.0008691897174450298
0,0,-0.18156647628511996,3.5801628190591794e-05,0.008545869658982354
0,0,0.11561945580830002,-0.008654999329124717,0.003721913766279122
0,0,-0.1388139953182579,0.0074823504487460234,-0.003631474637760042
0,0,-0.21323630000103308,-0.0018658946380089685,0.0002155095496580578
0,0,-0.13295557427172913,0.0018627729718237625,-0.0013945787521565875
0,0,-0.18900630654264222,0.00036538402642815465,0.0009669646125321802
0,0,0.1984486226924927,-0.005352676516916712,0.0025609936842075198
0,0,-0.1393637095699977,0.005853157398558821,-0.003396279481992153
0,0,-0.10188902447252166,-0.008817347766644574,0.006178267558508829
0,0,0.16907771383342102,0.000553104841333793,-0.0028868052674332215
0,0,-0.1788097002371492,0.006048826365783749,0.0018330717822242406
0,0,-0.2585692259138357,0.0069682461740948175,0.00044428557806524584
0,0,0.11364488132172901,-0.006337016011663896,-0.002485058358987835
0,0,0.17954932233545956,0.0018726195730858018,-0.0002820919173888107
0,0,-0.11916513196124989,0.0056133074323414574,0.009349331927018504
0,0,-0.20797407832169523,0.005252898987354036,-0.009390183407340205
0,0,-0.1447680150084807,-0.007395967417847234,0.009324185899179079
0,0,0.20791719804238512,-0.0029960631352255037,0.008138470353693495
0,0,0.14874763210434996,-0.004652269366975397,-0.004396360864480986
0,0,0.11127435656506243,0.002433727373253031,0.009764498094893782
0,0,0.1689611793351986,0.0006063595328700492,-0.0038734379027033448
0,0,-0.13928136328906093,-0.009694175421211058,0.0029874695029262818
0,0,0.15639502705825847,0.006660116282676541,0.0028773884036905114
0,0,0.18533524582391103,-0.007508998276123771,0.0023707756151821052
0,0,0.16704151722385255,-0.003044563698513438,0.005601441294379809
0,0,-0.23401823125673982,-0.0032598376500369676,-0.0026485386378689493
0,0,-0.17784410948831728,0.0031332331299697928,0.007372259782799406
0,0,-0.2605332520717879,-0.0007176841955549643,0.00869447154567257
0,0,-0.17463080810152987,0.009977249014590303,-0.0003497668338561088
0,0,-0.20877079372018756,-0.0028920520747894992,-0.0045127674257623455
0,0,-0.2392810058755936,-0.0030585958072541627,0.0005423080947426703
0,0,0.11070462971853001,-0.008969453595381672,-0.005967843505511585
0,0,0.12111679768528816,0.009032019287405905,0.008117379989936125
0,0,-0.1389802524608197,-0.006303275887714493,0.0059188098429507705
0,0,0.12755665286064247,0.0076621300271158665,0.0024519311354196677
0,0,0.13315218327561623,0.00300714000708417,0.002183010512466452
0,0,-0.2362378151601167,-0.002542057224885639,-0.0021270652821373786
0,0,0.14285928040666765,0.005478543323493077,0.006944610781156579
0,0,0.1470937751720221,0.004340775022361713,0.005443387600168359
0,0,-0.23754684927882339,-0.0026568598718499656,0.009491346834350723
0,0,0.16916591899927602,-0.003492701931757958,-0.005353475088198347
0,0,0.11284250938827184,-0.005530830829718759,0.0047284294048882975
0,0,-0.18580208008626953,-0.004249268456236181,0.00829798199478326
0,0,0.2256921942159808,0.0008609612073458336,-0.005946615353837301
0,0,-0.204877145219254,-0.0013583315396263982,0.004932949357570842
0,0,-0.13871517222351973,0.005528764055479583,0.008083049455424743
0,0,0.14912692466366598,0.005287291705685744,0.001303517151811569
0,0,-0.15312123628363816,-0.0048057618362998935,0.0009557779604330522
0,0,0.19757161832059533,-0.0073435342912986324,-0.004962924032501537
0,0,-0.1534063145441618,0.009800021590432964,-0.009688918680416818
0,0,-0.14596789808640576,0.0008848013789959711,-0.008693031628103056
0,0,0.17212763626906222,-0.00032407283092323463,0.0023766164565651813
0,0,-0.13632406711128975,-0.0005478801180661547,0.00025169168388522456
0,0,-0.22427774125882174,0.005349230967442574,-0.009815163392177716
0,0,0.15510499410865577,-0.009614029549684414,0.000519371753425318
0,0,0.24845538924448274,-0.007817990551837373,-0.008554930607428578
0,0,-0.1946205706490584,0.003030136198717186,0.00932806292984434
0,0,-0.15988792771970378,-0.007276199180323547,-0.004570947984616614
0,0,-0.22346957697414288,-0.004358899781640717,-0.0025000070114314446
0,0,-0.21404852178883527,-0.004318340469749078,0.007725024609677259
0,0,-0.17081442564262284,0.0057754655110037485,0.0025919982123395573
0,0,0.21203697910648633,-0.0007973702155939285,0.005591185129319894
0,0,-0.22567731074825426,0.002471988572422616,-0.0068164629693460484
0,0,0.25675580569439405,0.008121719144105309,-0.006455511713057083
0,0,0.12838294626859154,-0.006568124568958431,0.00044680008174547044
0,0,0.12358546826987954,0.0011387272582857322,0.007955016522105186
0,0,0.23283123344698642,-0.004709569389425754,0.0052963138397088255
0,0,-0.2332979551561758,0.009678019031601271,-0.002976812256069719
0,0,0.15031134753880573,0.009043675925836344,0.009733294398705015
0,0,0.15888829541934493,-0.0030223877941462623,-0.005934863421609715
0,0,0.22979434636459906,-0.0029081770229913715,-0.00012583191517616735
0,0,0.23052277596037385,-0.00441873201824061,-0.0060538797740237295
0,0,-0.22858930199970248,0.0014962109147939554,-0.009647525542292147
0,0,0.19545952004589034,0.005029249361983281,-0.007321056199919421
0,0,-0.2521578589569967,-0.0032036004115336535,0.002639218802490453
0,0,-0.20994783503352715,0.00887441709476071,-0.005413411115536884
0,0,0.11065182573540008,0.0002920603503529535,0.002941104891563842
0,0,0.2446898041152722,0.0019262126545682417,0.004042321906984963
0,0,-0.17390671593831586,0.009345752040695857,0.002449244322300424
0,0,0.12895213770938005,-0.008068843430637603,0.008985715980738924
0,0,-0.21689967509061975,0.00019633029548488286,0.002931527561085891
0,0,-0.2085181331602016,-0.004759966362937327,0.007693200570445648
0,0,-0.1523902264023888,-0.0069240356546774896,-0.006401668727038912
0,0,0.1032531066454199,-0.0005923188810571696,-0.009384924765211047
0,0,0.10958886205386609,-0.0027845669486641737,0.006237783810003108
0,0,-0.24788694630299193,0.005200806881026542,-0.0028994009055116976
0,0,0.14750181096043627,0.008266785356626847,0.008108145405245232
0,0,-0.21798200428759743,0.004058192401743653,0.004095120845129238
0,0,-0.24456798618217643,-0.0019440573563426992,0.004258265072758154
0,0,-0.1851227069376008,0.0031803555477216035,0.005725906731449534
0,0,-0.16460698734631118,-0.002917342301137129,-0.00934931808597576
0,0,0.23732145291376855,0.0009907098085639877,-0.0032953261818839267
0,0,-0.11885140791642604,-0.0021900451175311184,0.0020512729490365905
0,0,0.2576107366499346,0.001894182907380219,0.0024441129547469083
0,0,0.22155666984909028,-0.0013396911134449015,0.0012878182029866098
0,0,0.2514404081489173,-0.004996142166138802,0.00897429896327505
0,0,-0.193237481886193,0.008012824531638566,0.006184216941976501
0,0,-0.13904791735741626,0.004807315934088476,0.0029265136637019774
0,0,0.18670993248007445,-0.00816541499749913,-0.005467207086717856
0,0,-0.1509828796651969,-0.007340000999826006,-0.007007420768934378
0,0,-0.2506049968327882,-0.008577810120925199,-0.0026834381574925995
0,0,0.10623112200273588,0.0021656931135997266,-0.007841287923320957
0,0,0.21708132170627092,0.002197062073301878,0.0016821142078802653
0,0,0.22307662665614342,-0.0016531605302942103,0.006706263890113506
0,0,0.13299788284210207,-0.006819851987719363,-0.007170605208175207
0,0,0.20201665433065807,-0.006633728123924328,-0.002593060662938249
0,0,-0.2598011710063935,0.006842695253664462,0.001967163519271474
0,0,-0.2549853453976908,-0.0011996857007805124,-0.0023720590191087434
0,0,0.1715921238632734,0.0040743009612443995,0.0024046281188539794
0,0,0.25776317691884176,-0.0019622882728437714,-0.0033031328807341716
0,0,-0.1307300391803359,0.0028226379384998813,0.0015056606965794719
0,0,-0.11299227595866634,0.006795286660892378,-0.0086623548651775
0,0,0.13424168445503745,-0.0077547019801910075,0.007894668622817595
0,0,0.1870329239647367,0.008406542238279429,0.0019461177214337867
0,0,-0.11267192108711563,-0.008652871967909146,-0.005490063997635337
0,0,0.14961934054803908,-0.007982380331747665,-0.0018507097361362586
0,0,-0.25047722736993283,0.0012409430935444998,0.003868996899551098
0,0,-0.11061158070220642,-0.0003445138855728228,-0.0006899083164142537
0,0,-0.13481756709489368,-0.003755584820131535,-0.008267674281735287
0,0,-0.24640830952992854,-0.002884585086965561,-0.0035308831457946744
0,0,-0.13174442763677466,-0.0024429817852894197,-0.009253446077355315
0,0,0.24143068381858152,0.0010686644490564712,0.005822054945210627
0,0,-0.1630682338826301,-0.005759568053482032,-0.0048183905158301265
0,0,-0.2108375462038798,-0.007893671168290341,0.0039002322616224806
0,0,0.137417272301885,0.0027961872473695037,0.00343214776986343
0,0,-0.11112495079141949,-0.005885075946085998,0.0036471876477464967
0,0,-0.23895068207003142,5.622552989249796e-05,0.0006320375023527846
0,0,0.2142893426293505,-0.006565227740827124,-0.0008420263870963177
0,0,-0.15319792265463364,-0.004786633547592063,-0.002517883577851157
0,0,0.23223816343239806,-0.005757269146747717,0.008954059285214979
0,0,-0.25250343064659425,-0.005760124841334566,-0.0023918822813877895
0,0,0.22707849939449687,0.008867372751641222,-0.003875462504006189
0,0,0.22230653850796978,0.009214610685282404,0.004525067750845482
0,0,-0.18192825901463464,-7.2890531919011375e-06,0.0030194566088459496
0,0,0.25974458900845565,0.006737097814135335,0.008996471913899998
0,0,-0.1649218657828143,-0.003076837727061195,0.00836187195485791
0,0,-0.18453037350124665,-0.003956682052975022,0.0007432616048101068
0,0,0.17737469905936376,0.0009374467341123002,0.003500572986529015
0,0,0.1575321354312686,0.0028467741375466874,-0.005422415618094132
0,0,0.2392306502536003,0.0039038244000868857,-0.0022682778156101315
0,0,0.25352002017022535,0.0051813865212818055,0.00849282003569309
0,0,0.2431339502770274,0.006762165975855017,-0.006703659909494491
0,0,-0.1432606978808567,0.004850565161509829,0.009946727671054095
0,0,-0.21820342299296466,-0.005982810428593053,-0.004967537934349638
0,0,0.2227709965929603,-0.005286372313667309,0.0021208834239502747
0,0,-0.24289862630495948,0.0076983359849440176,-0.001528595581525946
0,0,-0.18965794569574262,0.008348230060408161,0.004602498326252227
0,0,0.16482945789643802,-0.004779729104699016,-0.0035566609282271554
0,0,0.16201614614622512,0.00183988532123394,-0.0035954038559749034
0,0,0.2166459852711255,-0.002189620698596251,-0.006080276079696379
0,0,-0.14896771788399604,0.004505099717956427,0.008393956995666111
0,0,0.1297468436449804,-4.493188223092873e-06,-0.0016532225763163724
0,0,-0.23878837898052185,-0.002348930186397453,0.004036360917810426
0,0,-0.25384007470890657,-0.008800103413084863,0.009516771277124908
0,0,-0.14478954664214908,-0.001471078892593996,-0.009457343036323987
0,0,-0.17347352052876017,0.007416816323067088,0.00031662188430231497
0,0,0.22438257714970467,-0.003204609781120169,-0.0018596062731221722
0,0,0.10750103063601898,0.0084697904858401,0.0032562588142518913
0,0,0.2535316962193635,-0.0029020072154621835,0.006230819726292981
0,0,-0.1916094846551301,2.8127063019045898e-05,0.004770384976415926
0,0,0.21528428289177842,-0.009528597739501937,-0.006334790687962008
0,0,-0.19470979708901798,-0.001988483492625377,0.001104442406406017
0,0,-0.22913024715045013,-0.0027302927555362608,0.007605654691791438
0,0,-0.18822274541207915,-0.002103914077385201,0.0008439438932154111
0,0,-0.1908010591453635,-0.005548545703703143,0.004643449584968675
0,0,-0.17668556846698302,-0.0007925410852935317,-0.005774774477898969
0,0,0.22271254115413558,-0.004977433428495253,9.801094954681872e-05
0,0,-0.1760235847158857,0.008490422109206011,0.00941989205130154
0,0,-0.16505879673891355,0.0050110030070441465,0.006345867260460705
0,0,0.2412361130270873,0.004120156356647345,-0.008980761778883926
0,0,0.1032408756881325,-0.009577994580793999,0.008452497995284152
0,0,0.17602961191258207,-0.0060353647067196104,-0.008911612321713478
0,0,0.16085358238258912,0.009596539010170836,-0.006386304753316583
0,0,0.24807574373406582,0.003273563598813695,0.005175275830122582
0,0,0.1265608318508227,-0.008761260857376798,0.004756633376520417
0,0,0.23525781123824713,0.005900197456765325,-0.0029241021597580926
0,0,-0.25794500348716976,-0.008010410578473456,0.0019142020462234212
0,0,-0.10688472097814766,0.00247575021499016,-0.007512378128623818
0,0,0.2197138182819059,0.006805175731430446,-0.0024594231446251683
0,0,0.1455365048297468,0.00019451459493001304,0.0002496966309515677
0,0,-0.14795041980625645,0.0016078977148660297,0.0005327930480828018
0,0,0.1666902849027,-0.007175425666506217,-0.00161847113445345
0,0,-0.15886410346180027,0.0025361847938975314,-0.0030823657653515513
0,0,-0.13580546827844348,-0.007822645760438583,-0.0006718486509927901
0,0,-0.2396535589571247,0.0041013287987959595,-0.008877002164212527
0,0,-0.1553371824162309,0.0014516235331502435,0.009498726732912776
0,0,-0.17325267425118612,-0.005247434234184432,0.006444789621237347
0,0,0.1434255097493172,-0.0016475553620389771,-0.007859725476007579
0,0,0.23086153552322353,0.009216883438164509,0.0036255872647448124
0,0,0.2310902910843785,-0.00862728735730044,0.0023172314608983675
0,0,-0.17258310628618884,0.009258645449245382,0.003343123971602753
0,0,-0.25578875654551525,-0.0043118837023983355,0.008678281399617642
0,0,-0.18761620756412134,-2.142307123207017e-05,0.000845447309027008
0,0,0.18874866958260844,-0.001121116386825995,0.009226280414653903
0,0,0.17371609943748634,-0.009755599732079567,0.004987415658741555
0,0,-0.15097260720105032,0.009795911245877352,0.001859895940337213
0,0,0.22730332480172905,0.00458064405958237,-0.0023962794462841176
0,0,-0.12898483202816047,-0.0011519406485608202,-0.007896708651474911
0,0,0.19603955185500904,-0.005998868209186277,-0.0038691062342319964
0,0,-0.18013358412350516,0.006627418557282423,-0.003714035659904547
0,0,-0.12847410618654384,-0.0012451239232760918,0.004308481805794845
0,0,0.2277576229970199,0.004329268305176879,0.005354079775918379
0,0,0.20163467561635467,0.006358460404363794,0.0032609515551798827
0,0,0.1774667920834095,0.001957269773559988,-0.005698550274605934
0,0,0.16474979449214572,0.008837877298382703,0.009516319247249773
0,0,0.14942944015182535,0.006994817685030472,-0.004689469222845755
0,0,0.25454052732168253,-0.002806833730764866,-0.0007769845896444857
0,0,0.1860471999101636,0.003564103883759247,-0.004313587111676243
0,0,0.17486060225401434,-0.008842213881075827,0.004675812247184214
0,0,-0.16575501977529614,0.004129353655515913,0.009070913497655266
0,0,0.23242187594816155,-0.0018521652698800881,-0.008241374507323951
0,0,-0.16583072120837788,0.006055409558495995,0.0038716549465233827
0,0,-0.17976172463375636,0.001619148265639924,0.004880705090711052
0,0,0.24507403303000674,0.004528857663626746,0.009755171691006254
0,0,-0.22723836786621468,0.0022510445131951867,0.006133828176893884
0,0,-0.1587845664810526,-0.0015063966390649244,-0.0046830715540863025
0,0,-0.14959262697800382,-0.0069261068864019445,-0.00511879022727098
0,0,-0.18974676155841996,-0.0034354657118353194,0.0068399571114598195
0,0,0.12556307178557524,-0.006121520407629288,-0.005081243381938438
0,0,-0.22326304810562161,-0.008898578922959184,-0.004777263783318422
0,0,-0.24347588894193292,0.0034505593119407048,0.0003720803028074201
0,0,-0.23199979414150104,0.0017009362112606879,0.0008913476338867875
0,0,-0.246455313453475,-0.009010523751145012,0.00832820783087136
0,0,0.1556581070888186,0.0008554399110504533,-0.004531059481765294
0,0,-0.1978651462140103,0.0063698815657799775,-0.003298147270315426
0,0,0.23130872170749356,0.001870457038988629,0.0006949874524175281
0,0,-0.174923654164326,0.006587125974407375,0.001549193619092731
0,0,-0.18098749826810817,-0.009255814420472172,0.0056124246952814465
0,0,0.24206485959049773,0.0003337002016512939,-0.0024901734734734445
0,0,0.15741371306383475,-0.004046904795193607,-0.002778677703816828
0,0,0.14316550530702551,0.0031532838073164166,-0.003978921072835588
0,0,-0.12566912100644806,-0.004779154407011712,0.0016496115654877162
0,0,-0.15903187075761305,-0.004767896329165673,0.002527337423826487
0,0,0.17738485322992883,0.007725336433833227,-0.0021647059141135273
0,0,0.21076549026838176,-0.004247705812559332,0.0001487580207727903
0,0,0.12707852525755114,0.004267929566704279,-0.004683599370703542
0,0,-0.2137672742990788,0.008650224206102375,0.004068638004041275
0,0,-0.21783695021898952,-0.008705495711894226,0.0009390356518937364
0,0,0.10910048607807746,0.0017082259100884116,-0.005736748653919401
0,0,-0.2582287885287242,0.007993338994375711,0.002312927574061003
0,0,0.18693947782122225,-0.004221133069982432,0.004626308781609077
0,0,0.13154543077017491,0.008703810088510422,0.003490357235789065
0,0,-0.1851488386373992,-0.002775513522415083,-0.004391371731013687
0,0,-0.21722691152956577,0.007478355376340421,-0.0030174976723183434
0,0,0.10723778730108963,0.0066857684346031,0.00414367808514335
0,0,0.2551088483694247,0.0034230845296600015,-0.009012785657488205
0,0,-0.1582499233031887,-0.0027169929127294655,-0.006800031026699191
0,0,0.1729429505066665,-0.005287782701450352,0.009702259354764714
0,0,0.2581573951461868,0.00523964082828106,0.003986971229242971
0,0,0.11656462379167004,0.0075659101715580355,-0.0028847287383385115
0,0,-0.24772011852700843,-0.0026717069500167565,-0.006641621184491389
0,0,0.17522338466426163,-0.004303134613599775,0.0055512077101870765
0,0,0.2499361723577207,0.008237720031238497,0.004855637852327375
0,0,-0.25633556891691095,0.001211482882265056,-0.004708382450601792
0,0,0.10331036269912666,-0.007390843376248022,0.008468570317998718
0,0,-0.12380494648950593,-0.0019669484338753415,0.009932327590314793
0,0,0.15000051697026667,0.0059924976760261945,0.006062178298790485
0,0,-0.16646675126356814,-0.005771967522805645,-0.0036047809928594597
0,0,0.10273867448398491,0.0016283446045547607,-0.001389381355467791
0,0,-0.20402881071591988,0.0016463972269886405,-0.009487391353526102
0,0,-0.2495556338738629,-0.0029954232057328835,-0.007445950964979995
0,0,0.1384173726985684,0.0038833293098340296,-0.004782477070138193
0,0,-0.14267853656883883,0.006863743428346983,-0.0033940994226504427
0,0,0.16170757053303847,0.009578212674495485,-0.002628975164966638
0,0,-0.2481582385662822,-0.006910751002161113,0.007283698797282684
0,0,-0.24650941522237915,0.00841314057154807,0.0012786499498759415
0,0,0.229055189693741,0.006201521045607868,0.004993416718066548
0,0,-0.17502969432225485,-0.0029697034057490626,-0.0034468469097456954
0,0,-0.10532284585115259,0.008656872896987343,-0.007599156864599914
0,0,0.141247945814664,0.0012758205804382985,0.006752130919812827
0,0,0.11481959672361641,0.007817664363113997,-0.007981229737867959
0,0,0.16043043647585803,0.0022236431840530063,0.0084293096064582
0,0,0.20391323974446773,-0.00899399755301556,0.00461799493441664
0,0,-0.149333487468995,0.007999387078207234,0.007901031744145371
0,0,-0.22136704038356678,0.006633813183401992,-0.004445471003241806
0,0,0.1723247831281991,-0.009582824598600668,0.002745898196578611
0,0,0.2013901173086703,0.0059235833045430345,0.00028955402925484423
0,0,0.25595318138171325,-0.008950488037474613,0.0005924615642191947
0,0,0.24251077235276663,-0.007150908056400925,0.0058283263155048375
0,0,-0.1466031252532911,-0.005295814871002931,-0.008341644052715319
0,0,0.12047173903411251,0.008768921202618558,0.00550524072972163
0,0,-0.22363522712851977,-0.0058627159570421175,0.005528461802506952
0,0,0.13823848911726522,-0.004878583602605284,-0.0002765378524439144
0,0,0.2515139537690314,0.004521647337272942,0.009464187006594535
0,0,-0.2509300598680062,-0.0025348394538995175,0.005321258976943783
0,0,-0.1654118670916969,-0.004879360207963184,0.005788137082476127
0,0,0.2281098765220984,0.009099311145590957,-0.005842845200976157
0,0,0.13318153196105592,0.009979178286793818,-0.0015501606578749664
0,0,0.12370871993352234,-0.002424513475572916,0.008316410808425158
0,0,-0.1458641828748339,0.0031024038554330596,-0.004084423505652837
0,0,0.21610950182812316,-0.002514234266433708,-0.0070984053656538105
0,0,-0.1825743329915498,0.0010051369945086423,0.003892569228258697
0,0,0.16822284761618192,-0.0007894299672584378,-0.004931175287975263
0,0,0.13471367436335224,0.006048939026651464,0.0019025487160813457
0,0,-0.21489735795748877,-0.008909459314182262,0.008683667122270899
0,0,-0.22220036112915567,0.003720230123362535,-0.003628663854693204
0,0,-0.2556345236108497,-0.003415286390582524,0.00637429394393981
0,0,-0.2223632492268489,0.006451202574809091,-0.008546175426794252
0,0,0.19788767377206234,0.005745141375751666,0.009395281628139773
0,0,0.20760467530617344,0.005959369372426642,-0.009410480753096133
0,0,0.17197880605276106,0.005941733153078605,-0.009766752472826386
0,0,0.19052406425272994,-0.008302175870608958,-0.004565790669547491
0,0,0.19951124759811256,-0.001730319732084984,0.004785738521068252
0,0,0.23534070428767706,-0.0010462869793659516,-0.002481874034106173
0,0,0.2125731950838013,-0.008619925242909278,-0.004326461845561542
0,0,0.13370762119874388,-0.00873519750889512,0.008998393191345327
0,0,0.2434681006790701,0.007040426270826001,-0.008282692332773125
0,0,0.21218916274249466,-0.009736313667847196,-0.004310522742290499
0,0,0.2579156304375929,-0.0064666185462992805,-0.008143629570902752
0,0,-0.21214705119697438,-0.0019423992119378224,-0.00960506305631397
0,0,-0.13248227278398048,-0.0014950459579495482,0.0072141749950530385
0,0,-0.20879215064684017,0.007710379536830408,-0.0011886766668789232
0,0,0.17188248966058592,-0.006743972851233768,-0.009244222958627295
0,0,-0.18371621261748766,-0.0030211063886061897,0.001482340989304838
0,0,0.16349232877167474,-0.00981760142951597,0.002966914090143104
0,0,0.15427839725803333,-0.006478694266200848,0.006557292351455924
0,0,0.19064366350189715,0.008840991940132133,0.005011489743014843
0,0,-0.16863146601216972,-0.009363652411974241,-0.0012402140313938943
0,0,0.15223801950991125,-0.008052906276635389,0.006637961823720643
0,0,0.18692007855678497,0.004162800032689727,0.0013554216969719635
0,0,0.14588940208697962,0.0020796108974147683,-0.00035471797277010497
0,0,0.12032593971458322,0.0019299334820681979,-0.00439343796333931
0,0,0.13917440130174813,-0.0024850591968496663,0.007069958109251364
0,0,0.16536872611429784,0.002496300447718732,-0.009701878246789045
0,0,0.12077860970913773,-0.00836631123744943,0.0013686469283673234
0,0,-0.2357588844213249,0.003889693791539606,-0.005810697662579225
0,0,-0.22105901295244296,-0.0008070091673695948,-0.00109656177032918
0,0,0.23166372386320144,0.007123979230019563,0.005763666438589136
0,0,0.2005753851224646,0.0038175105754764266,-0.006226028059652087
0,0,0.19719690583158805,0.004833623826868893,-0.009217427037620567
0,0,-0.20356362686317103,0.006273489192543386,-0.007760911012984588
0,0,-0.21566265445236066,-0.002417971890907631,-0.004197696432830653
0,0,-0.24264218980669086,-0.003660891014669614,1.2809091079490215e-05
0,0,0.1022676628632089,0.0032756312579058696,-0.009854299659768695
0,0,0.1927052282837311,-0.009311295484790715,-0.0039951338236887055
0,0,0.1538926387487249,-0.00257703826534303,-0.0025687558042966387
0,0,-0.12404271283695953,0.0037761590170389357,-0.0010513356576387703
0,0,-0.1758800725878512,0.007814092389420517,-0.004850946551623927
0,0,0.1227187129483282,0.0016342422361040644,0.0007855114655041674
0,0,0.20113466149280806,-0.004338787333008604,-0.0012729446417611267
0,0,-0.2588237412931461,0.009573395859317572,-0.0032472060060217143
0,0,0.11797110917359463,2.759750943782599e-05,0.006362907302666967
0,0,0.2442359423625622,-0.007261342758576763,-0.00389520807322989
0,0,-0.2296735552866834,-0.003688556831283654,0.009950966964776426
0,0,-0.10249099002714152,0.009986555058823553,0.0012123166640770709
0,0,-0.13826318584362784,0.008995493339160087,0.001821145160492487
0,0,0.1367422654706341,-0.0018077351826939168,0.0024555794121413517
0,0,0.16318540638279896,0.005503879079676501,-0.002567168705966667
0,0,0.25930699413216013,0.005551236762457876,-5.579127983405471e-05
0,0,0.16738248502569497,0.004463029342835777,-0.006758587821998072
0,0,0.12062728822861973,0.004524218558634703,-0.006844177985329971
0,0,0.15742657784955832,-0.005972580817410132,0.007697271794359773
0,0,-0.1291177630252418,-0.005800569887758527,-0.0024196173349234785
0,0,0.25589883164517846,-0.0002885451443588472,-0.004612189944129242
0,0,-0.2007494544289647,-0.005738959109637831,-0.006112907996449686
0,0,-0.23261273271781566,-0.007852987945866332,0.00799544401774562
0,0,0.1060428210671758,-0.006142561332363889,0.009946258051363803
0,0,-0.20314345210722673,-0.009655328541957154,-0.005321026602714083
0,0,-0.14409544264262683,0.003783909597091517,0.0015921812406653052
0,0,-0.14262801871420158,-0.0012961538060096058,-0.005328653635093392
0,0,0.1959407189374029,-0.008889216710576145,-0.0034351730872973782
0,0,0.17648155134418672,0.007843720011479824,0.007288974427677243
0,0,-0.2295752243727222,-0.0030047046497220474,0.00010067079301979281
0,0,-0.13631163988439915,-0.0033877710772570605,-0.004220608998751314
0,0,-0.1471045780106598,0.008672668223887103,0.00361231929674706
0,0,0.25395511003791593,0.009936906064760729,-0.002996293088939175
0,0,-0.24004475878722126,-0.0004828530481543851,-0.003758747018016353
0,0,0.24951993758039948,-0.006497775261269932,0.0028366574559039286
0,0,0.12673471989136023,0.007353493075613027,-0.007856328687742262
0,0,0.21580118270130233,0.005778367629520517,0.0011643487323932996
0,0,0.20151509986661065,-0.001179164057571229,-0.002191753989594674
0,0,0.1209230002663296,-0.0006900535619890746,0.006963058587872316
0,0,0.26003756847758075,-0.008129393725440661,0.0031080627991070184
0,0,-0.19177207511086652,-0.003365472763789257,0.0031505397820958906
0,0,-0.24389648205491346,-0.007702929203602231,-0.005395404079013549
0,0,0.12555287359786402,0.0040996807521251795,-0.008692658345057194
0,0,0.18236127000957256,-0.00362646113061692,0.007215735433273562
0,0,0.15170982188856236,0.00365626194377683,-0.0024619215516796375
0,0,-0.14130055990339296,0.0022063484148417186,-0.009449946062672493
0,0,-0.25146889392844024,-0.0011504963002643316,0.006916506594519306
0,0,0.2262629942052457,0.006502448365997006,-0.00494468825712143
0,0,0.14520899580634367,0.006711509104098337,-0.0012455171927296393
0,0,0.14941522840879967,-0.007859322211956128,-0.005929418110858322
0,0,-0.18746023849021543,-0.00538163542286517,-0.0004597511173082096
0,0,-0.25819736603527743,-0.00248577642421773,-0.002296630447369297
0,0,0.24480589911161005,0.0052993448084193845,0.0018233518423023658
0,0,-0.1009777407898875,0.00800448238483893,-0.0024691297534690463
0,0,0.23770285545182107,0.007444298712351713,-0.004581859240312794
0,0,-0.20433165634169453,-0.004101703337542364,-0.004393301962997367
0,0,0.12044283878815046,0.008024103614517357,-0.0007366532123025092
0,0,-0.10976730221247688,-0.00010926227503517752,-0.005179484474020449
0,0,-0.15333048329243162,0.0010899572201902505,-0.004336849032034882
0,0,-0.22052207076872937,0.0033071623198659174,0.0021791254543780756
0,0,0.24298583208780783,0.003277834114884451,-0.009621321449510873
0,0,-0.21475520693227687,-0.0073061252737908556,-0.002676130845215385
0,0,0.19207250443835128,-0.00775107046591323,0.00017780305323544625
0,0,0.11049977424071786,-0.009260686279738068,0.0017524843465037358
0,0,0.14671576158837898,0.004077270627938867,0.007658184570570608
0,0,-0.24424668700838306,-0.009570761185745099,-0.0072767945353774295
0,0,0.1416060725787098,0.0047885356880941025,0.0013297475889714177
0,0,-0.13044628627207172,0.00456600814376084,0.0009477974083412465
0,0,-0.1319717442916628,-0.009213289763898005,0.003609421140671431
0,0,-0.10252359775359204,-0.006901118096864533,0.0068237600450796
0,0,0.117418724651533,0.006477697573108817,0.00870339236181312
0,0,0.15625049527718884,0.00463833993493056,-0.003494524678517113
0,0,-0.20450556567438327,-0.003662029678041012,-0.004523106287000827
0,0,-0.15809929539811576,0.0016913853735916959,-0.008177247794595471
0,0,-0.22249060851486352,-0.0017346315693972988,0.009693733487666478
0,0,-0.24906682492489055,-0.006358062691073425,0.002605327181465198
0,0,0.11435867241176573,0.003408279991938443,-0.009763135325487947
0,0,0.1432275574586218,-0.0008106243387380266,0.008319073809597956
0,0,-0.1360618703221286,-0.009396204172578628,0.005031620638250165
0,0,-0.12063804224769584,-0.008979074165667185,-0.00015951763656322192
0,0,0.25494244248060527,-0.005708373208846249,-0.006249987852273604
0,0,0.154676183320077,-0.0006370210190021729,0.006292473060060045
0,0,0.14141539799669883,0.001406051251146359,-0.0035795320071175694
0,0,0.14862715862443907,-0.0077284236172624745,-0.0022823154473942007
0,0,-0.16909693514939106,0.002339117879103984,0.00177948820699147
0,0,-0.12333800532490741,0.0017476332296702778,-0.009030852903776315
0,0,0.11452761197280895,-0.00013286269623372614,0.009976187855597085
0,0,-0.1314729874828808,0.000570216119299605,0.00018122617898982257
0,0,0.2225469313657485,-0.008360538324261662,-0.009578514450517366
0,0,0.25583261039810457,0.002096712257281282,-0.0031355466990277848
0,0,0.18360983830634428,0.0007364360477735369,0.001987784594438588
0,0,0.20971778146964376,0.008778989439490752,0.008292008958564722
0,0,0.11846345304066033,-0.0023448141432747026,0.008115115310689031
0,0,-0.1897656164437903,-0.005087680016620444,-0.009882154656571161
0,0,-0.2311140793343852,0.003272985987934778,0.0005570766525591544
0,0,-0.13041479677616535,0.008027829741229118,-0.007946245200944852
0,0,-0.23412751719237135,-0.009114327344118772,0.004056605229748166
0,0,-0.15017973232845644,0.005351480173876932,0.004871017902549091
0,0,-0.15522100116442977,-0.0017676680455935706,0.009680977488363865
0,0,-0.15186913995442702,0.0076559176801520145,0.00768140421275078
0,0,-0.15231824141925687,0.009031166191430915,0.009426869379507567
0,0,-0.19021565639589227,-0.008152625078316824,0.005192036833325512
0,0,-0.10453799722529136,-0.0062500022416359215,-0.003255567872995662
0,0,0.2155762887001803,-0.008034737367503188,-0.0040747792669226105
0,0,-0.13748902861954046,0.0005662689699490291,-0.006241278881024968
0,0,0.20356439651704872,-0.00023413987007711232,0.0066208706660500095
0,0,0.22753870985695923,0.0036748234058331213,-0.004400075759337989
0,0,0.19623522693816747,-0.0042186897548321944,0.009004851944218155
0,0,0.10923418042829308,0.005704325862628564,0.0040028383169691765
0,0,0.25900099669074994,0.004252932470098541,-0.007852026948417768
0,0,-0.21875366172360175,-0.007598529225465396,0.007449012525190457
0,0,-0.16919713833928018,0.0015043772552070685,0.00537784325835256
0,0,0.18020691302201694,-0.005367072832732578,-0.008902156824448485
0,0,0.10974009944636534,-0.00856426022812032,0.006481467450282009
0,0,-0.2532874864343875,-0.00830371826146866,-0.0040624621632830114
0,0,-0.1617693742728633,-0.002736316301625254,0.0029016028853988234
0,0,-0.13070511588294587,0.0008893371844312051,0.008795678925111674
0,0,-0.21367989340019172,-0.009040119799238426,0.0027531736998020803
0,0,0.24583721692304306,-0.009220726364892977,-0.004504929593550287
0,0,-0.18106444268282712,0.008197430701631208,-0.006586905455904888
0,0,0.14268467932274576,0.002170921367682566,-0.003992698778163419
0,0,0.13134038832456663,-0.0034551242667619757,-0.006390853996366352
0,0,0.10536366591432761,-0.004886538294042255,-0.008670889831215944
0,0,-0.13087671195784786,-0.005541984354287286,-0.009682088255799701
0,0,-0.204938044127052,0.007158855538126103,0.007556718936686463
0,0,0.17014876889756156,-0.0073981340330158555,-0.0071500473981077756
0,0,0.1502364896851931,0.00924578975565066,0.004032026791103141
0,0,-0.14759368833031822,0.0004131270777385839,-0.006348189106704907
0,0,0.19702786517396065,-0.006850039918977107,-0.00782948154199162
0,0,-0.18912096569766795,-0.002667109574214066,0.0010983320164199648
0,0,-0.16607685921960358,-0.0045673849448516005,0.0031821416799497973
0,0,-0.22913391961255133,0.00839533227911131,0.003832624070533008
0,0,-0.21868265559305566,-0.008827800954864946,-0.00818816751374399
0,0,0.13428811327879,0.008739661974547544,0.0019159499383815774
0,0,-0.22729126852172707,-0.007002986368305506,0.0079708896588218
0,0,-0.15355669465685862,0.0066995991972511,0.007566917941812341
0,0,-0.25565736059461797,0.0016275264584332486,0.005588137468919525
0,0,-0.12189039883803568,-0.007352278490185516,0.00993010474116692
0,0,0.19201244314685112,0.009622407210874677,-0.008396392597851542
0,0,0.21301942321759887,-0.0031804221514196195,0.004639201600324548
0,0,0.15645915570276409,0.0014529998372860755,0.009838582843253599
0,0,0.20887717836423642,0.005411625060446772,-0.008117893690740816
0,0,-0.2116149142047137,0.006245519223876861,-0.009146518310107168
0,0,-0.1266578681178606,-0.003121895290220897,-0.004207642921615489
0,0,0.164506713773981,-0.003031528702087112,-0.0021284052734224287
0,0,-0.2615505654639366,-0.0012146404293969428,0.005932374048222463
0,0,0.18087280590785695,-0.0025583812843536727,-0.00834343928685656
0,0,-0.18006089038235654,-0.006940633277350381,-0.0014456181581258692
0,0,0.20525527322854786,0.007231117754949187,-0.006322967719490904
0,0,-0.14029753149396232,-0.00380573031372597,-0.0005887778956784398
0,0,-0.14583949455276088,-0.004137834397210791,-0.0044700665274344025
0,0,-0.15413380022842588,0.0015156228246120257,-0.005858948298629261
0,0,-0.13612297662146433,0.00018422157478658122,0.007162218032633729
0,0,-0.20700540582170246,0.001622031593399591,0.006521948227147951
0,0,-0.11720447787529192,0.0033224882889255607,-0.0033972943600864784
0,0,0.12997989221277997,-0.0036882753345013055,0.0018470087506194145
0,0,0.13712613023086165,-0.009373569990299478,0.0020764127768009375
0,0,0.24220439781119746,-0.00097066254648937,0.005885267753406377
0,0,0.10277959304288448,-0.004480598622451675,-0.0028939289401789916
0,0,0.10511959407250185,0.0012417343356598935,0.0060233358866878094
0,0,-0.2479883666436926,-0.009805363437809805,0.008178166690382021
0,0,0.2617599189396684,-0.004588047542621585,-0.008508012917158886
0,0,-0.25208977150997547,-0.00518100277105323,0.003911119459294286
0,0,-0.18117160648806427,0.0036654028811766264,0.0037439551105115515
0,0,-0.1636387975722965,0.007516773959682992,-0.0033255790157433514
0,0,0.10417346405028255,-0.0031523157894581934,0.008745166068286915
0,0,-0.21868620554209567,0.0036430056080197174,0.0028874080122615105
0,0,0.18371117802262418,0.0018364676448725074,-0.008105734435259516
0,0,0.14246967116149217,-0.00622839448387503,0.00316037213173981
0,0,0.15123706286629235,-0.007177466676033946,0.006441840257757634
0,0,0.20521672732163904,0.005899601995663787,-0.005312136083225794
0,0,0.21823322378791132,-0.0005809024731999891,-0.007923373933545353
0,0,-0.19990769088808374,-0.0014079510998663298,-0.008976764656628946
0,0,-0.14395336566006295,-0.00901411355578031,0.0004480264568917369
0,0,0.12169542690011126,0.003322427332367737,0.0013337951138912424
0,0,0.19417744335908665,0.00447796839199093,0.007830187440657168
0,0,0.2536094118386169,-0.0026506931689416983,0.002949363390091258
0,0,-0.19372384452535768,0.009912557168909321,0.0076680529213631905
0,0,-0.17927233137934326,-0.009965280433371882,-0.0033062613758833015
0,0,0.1693690973384225,0.002003440392054594,0.006385231893624268
0,0,0.13141789792630507,0.00196757231187575,0.0032814202903819426
0,0,0.11361428025149092,-0.0024277492757531684,0.008814372175720503
0,0,0.1470139352620493,-0.0073989403836196305,-0.0031547934413770195
0,0,0.1568659658807247,0.004147342226857554,-0.00315337322864645
0,0,0.15327253977769206,-0.001727439029215799,-0.0007905640477442206
0,0,-0.13421566595698164,0.003390660746431908,-0.001820381601658148
0,0,-0.1600640719147675,0.0007942427029923628,0.007081080779661181
0,0,-0.17512940212447614,0.006992298018185463,-0.004369560766202338
0,0,-0.24532010622981132,-0.00021197565291037473,0.008660752079087017
0,0,-0.17903805398002418,-0.004869447206716262,0.0057098866068214325
0,0,0.23841860056587838,0.0020771769980981562,-0.008288409731178354
0,0,0.2064306170715633,-0.008726638943126282,-0.001600023681559072
0,0,-0.20208595465866086,0.00173003153130224,0.007227683769325562
0,0,0.2074436142265239,-0.0026624401909300533,0.005731565293394412
0,0,0.2562123754596173,-0.005912661847438215,0.008467625949429769
0,0,0.17138376256299348,0.0076832585962403974,-0.006168383988847579
0,0,0.11858818327211729,-0.00951886452581898,-0.0015383321114039034
0,0,0.1709277786715064,-0.008719823766589658,-0.005522395591189955
0,0,-0.180865195639775,0.0070581425171133225,-0.006321801400401943
0,0,-0.14156624304824192,0.003576820919257038,-0.000944805373190756
0,0,0.15775286626405607,-0.0062173709179117916,0.0004660526479952458
0,0,0.11013676628766972,-0.0020656835260792986,0.003504412573580029
0,0,-0.23701847534616616,0.007620107064739498,0.001173245758361528
0,0,-0.21896948019855167,-0.0062525881086425384,0.0001842633044943781
0,0,-0.23044982136775802,-0.005872791956547572,-0.007716479302600936
0,0,-0.2222254615823103,0.0014609433065975487,-0.00798746367268878
0,0,0.13161114999376042,0.009557324625560285,0.0034552325120725414
0,0,-0.25968612149610265,0.0014192744986987142,-0.004435698658670069
0,0,-0.14591955960432107,0.008956475462230483,0.009601688697804549
0,0,-0.2340778568874662,0.0063682640804159,-0.0011294274698792073
0,0,0.22606305774784485,-0.0017353077914434075,-0.0066906179447931025
0,0,-0.1552391307923004,0.0013699719363333782,0.00418370625626068
0,0,-0.20819862898745417,0.008070299295635202,0.007958756607630403
0,0,0.140525662180363,0.009724420796045548,0.0050778208038697505
0,0,0.22930744346884935,0.009379520214699505,-0.007152050756935842
0,0,0.10514939225474124,-0.008480349006779282,-0.00046282231545267775
0,0,-0.2583482799872667,-0.008987615050066709,0.00531554717589567
0,0,-0.1337362494687118,-0.009143341676857717,0.007858282389833408
0,0,-0.2518619479670951,-0.009628199464036504,0.007121615579575304
0,0,-0.11104652059682368,-0.009004222801765924,-0.00933149375588161
0,0,0.20896582927750385,0.007878978558596405,-0.0031153084904722347
0,0,0.11340127364812971,-0.0027718659566147033,0.003852612864025242
0,0,-0.1324794647752943,-0.003405312862121217,0.003918387109980428
0,0,0.14582152925056688,0.004634811328607944,-0.0019637014772381067
0,0,-0.15372259107074415,-0.0027918289093164543,0.0019758099090379407
0,0,-0.15282113424833033,0.00710864163922399,-0.0016737099467708117
0,0,0.2041889280917925,0.002283611350479317,9.01606484301834e-05
0,0,-0.2248126507558395,0.0030168820243803504,0.0008626986932302686
0,0,-0.12875359707308903,-0.003201035127028411,-0.006134850336497234
0,0,0.17902169886209707,0.008019828500985036,-0.005806684191872558
0,0,0.10568294856797142,-0.007511952039947672,0.006633367587141321
0,0,0.10243589667429773,-0.000231191143992086,0.002912742482973952
0,0,-0.17160036857272917,-0.005865121365971033,-0.0015356156241339743
0,0,0.11527383318681889,-0.0013237329235259738,0.005091043766779218
0,0,-0.17739501583412243,0.0060189456474407845,0.0071218936686182465
0,0,0.1316198771570383,0.009794638767715061,-0.0029993746969903404
0,0,-0.11770774521458247,0.006736392067605871,0.005285350250590976
0,0,-0.25917696075506935,0.008355372870301006,-0.007565531291486194
0,0,-0.1552707180086667,0.006872835621194675,0.006227274909480463
0,0,0.19823656748877988,-0.0029388523640026106,0.00970289503425185
0,0,0.23644074585434965,-0.0011420094061649205,0.00039362330598183976
0,0,-0.17368620088738232,0.0023959938114368803,-0.0029526771574612384
0,0,0.2025671339166331,-0.000287650688908651,0.005197911132294227
0,0,0.1252103829164577,0.0009648800375676586,0.00786522689303522
0,0,0.24462094917956523,-0.006057534033398006,-0.00021156529024568028
0,0,-0.19333909373357994,0.007097199581099391,0.007458600551469687
0,0,-0.15932456602997783,0.002644445455042157,0.007677372317258279
0,0,-0.16076807802922283,0.007755211175370745,-0.0062106797055624585
0,0,-0.11636275551891612,-0.0004790901272189504,-4.337741530516595e-05
0,0,-0.12306656512672365,0.004039222655089755,-0.0012285647664725396
0,0,0.17144271474228315,-0.003190269389416871,0.0043349800043919594
0,0,0.23462181657799042,-0.009656135586189725,-0.00036398087048940264
0,0,-0.17489311951519054,-0.006818399025829534,-0.00026462822676255084
0,0,-0.2535802543894517,0.0050796874872589964,0.007237764803130412
0,0,-0.1675351679618782,0.006483833229229649,-0.0025857564568757254
0,0,0.22007126433185709,0.007753351442228261,-0.0057648225168068735
0,0,-0.2100509060800583,0.00893093326241552,0.0007530609790784588
0,0,0.25538095482487294,0.007240738201752769,0.0027703295977757995
0,0,0.10721419813078073,0.009107873819129473,-0.003631959865655397
0,0,0.10831375867653459,-0.004462788197031411,-0.007934653510613416
0,0,0.15141594394427996,-0.0007582742809506843,-0.009227975320105181
0,0,-0.12695420741873364,-0.007600971905988579,0.00727002524715647
0,0,0.2565978472323632,0.0018822945870947284,-0.002056587146814795
0,0,0.12640902370245277,-0.007814583526412372,0.00209118639541765
0,0,0.10902193920868777,-0.007478174569882692,-0.0035990084791548485
0,0,0.22313544894523968,-0.0020283253927198715,0.0024125760495650635
0,0,0.15825634534803573,0.000352036997688477,-0.002160015929034651
0,0,-0.1924197771916015,0.008236087181559082,-0.002129097204793
0,0,0.17905378657093707,-0.003977981929008367,-0.009054424457873009
0,0,0.24963792070376306,0.002892417011951802,-0.0058326913305748705
0,0,0.14326668346465685,-0.0013011881315369064,-0.007738813019202255
0,0,-0.22990642228322486,-0.00516720088200906,0.0013150589797838695
0,0,0.100038920632879,0.004352914418349221,-0.005669161233708613
0,0,-0.13870335668328537,-0.0035560849461146234,0.0049525143649018985
0,0,-0.17640992165737124,-0.0012558515280424593,0.0016495606283363322
0,0,0.24699440413709312,-0.0049942115341338475,0.006927897338241102
0,0,-0.11316630392521451,-0.0030364967182860483,-0.009367733742361519
0,0,0.18784040417672618,-0.009043465274615173,0.0039017856412556645
0,0,-0.14713551074627174,0.00569752561831525,0.0008581309395954782
0,0,0.17788255696284147,-0.002469453299890039,0.003979448475470094
0,0,-0.17888696443533336,-0.0013813227652184207,7.031972051551282e-05
0,0,0.18594099463759584,-0.0011381359781377776,0.0039893485752052205
0,0,-0.21974166745466434,-0.003857987373773477,-0.004762338535477004
0,0,-0.11973937312765076,-0.0071786569265892015,0.006550371253571127
0,0,0.19484166265418368,0.001212634410980967,-0.009259740042097167
0,0,-0.1664349490583245,-0.0058890325426734025,0.0038352098333053423
0,0,-0.16942928964972598,0.0005301932082634516,-0.005230845876894885
0,0,0.18552571491498057,-0.0021834280364245937,0.00650372082940162
0,0,-0.14433013135665948,-0.0007919560120838946,-0.007431220822806697
0,0,-0.144967752182041,-0.008127092201202158,0.007192589885069793
0,0,0.14040724843515986,0.0042011107117591595,0.00967088269271354
0,0,0.13209970634097373,-0.008981842160389972,-0.0014430211785292687
0,0,0.2221926007960514,-0.0068630614793719485,0.009513629091704503
0,0,-0.1269746020714942,0.008897232966575958,-0.008144456620467897
0,0,-0.1313613891945191,0.0020304480364471984,0.009528398085185607
0,0,-0.15071977679611873,-0.0016352092900794382,0.0009628208405439032
0,0,-0.166035205571834,-0.00038882215317679117,-0.007991939434442659
0,0,0.22466793454033152,0.002157334007858683,0.007655499346030664
0,0,0.2225802063589899,-0.0065340118270192545,-0.003799579581691224
0,0,-0.1943331276893606,0.005700877722036158,-0.0035293262518311845
0,0,-0.13696460687014148,-0.009901197791212995,-0.000830946764454667
0,0,-0.25386199900079365,0.007413597948530472,0.0034034165091637765
0,0,0.24748289387606714,-0.006764199509128919,0.0032486999178633486
0,0,0.1354534469285018,-0.004806306199240942,0.005815192994615069
0,0,0.11703598153597108,0.001685094604632455,-0.00920421079523479
0,0,-0.16233232557672989,0.005299682856336531,-0.006157543258734608
0,0,-0.23548074265981034,-0.003923758501834107,0.001471854467268224
0,0,0.17451359104594366,0.002540223001490635,0.006512049836424406
0,0,-0.22643755499422813,-0.002395063200067123,0.004663909841994527
0,0,-0.24007501844987553,0.002453839119446471,0.00419567852423402
0,0,-0.11400361049916119,0.0019232301180451914,-0.009383927364905582
0,0,-0.1139172538655421,-0.008140967333063385,0.0008117010615543933
0,0,0.14824225609528932,0.00995377569417877,-0.002134823025232742
0,0,-0.1304467983066552,-0.005840511012154099,0.008977443134905632
0,0,-0.15244049626259226,0.009270193377970954,0.001580712994866073
0,0,-0.15880668216449778,0.009352820707711167,-0.007931258759104269
0,0,0.2015402487168198,0.0052414331481831205,0.00664895163946067
0,0,0.261584827754534,0.0029104509364784176,0.006962921554528679
0,0,-0.11482248336881959,0.0012097149114945124,-0.002687520669307595
0,0,0.1381230120658378,-0.009234675475367368,-0.005524043810375272
0,0,0.17756229317211764,0.0025278117311530127,-0.006836192453353083
0,0,0.11488211444263,0.007623446558009209,-0.005445877992319606
0,0,0.19080774094710862,-0.009253618434992282,0.009956150518348998
0,0,0.21693247577799757,0.005351346316029839,-0.0022231537235190557
0,0,0.15628621505626153,0.007350275876825815,-0.009871710772526767
0,0,-0.24532581690831326,-0.002886015827766402,-0.0018230998443568777
0,0,0.2363628375332209,0.0003008856053711619,0.006732709741775688
0,0,-0.1411248232147032,-0.004156811790237223,-0.003873805697081045
0,0,0.19350574938345044,-0.0005549419595116539,0.004483179942618303
0,0,0.2451427703226755,-0.008542799137730839,0.0066235490883202065
0,0,0.12546495796862187,-0.00803313420052403,0.008732383328863795
0,0,-0.2110395023778448,-0.0031309141887932166,-0.009920950428863817
0,0,0.16535255575274982,0.0002913912535178493,-0.006554259566481233
0,0,0.17221021398039424,0.0035774853127137664,0.009218566894121335
0,0,-0.18438135414417878,-0.003140664307056451,0.0019368293442111276
0,0,0.1392235818720857,0.003061912348212086,0.007764338693337548
0,0,-0.14538683458016463,0.0020151647805945333,-0.0020391950320351616
0,0,0.25650719353461504,0.005355862941457961,0.001758210862634179
0,0,0.2097914867911912,0.0037318934225567778,0.002221331648787324
0,0,0.21638905416376136,-0.005769628381226191,0.00203219212930039
0,0,-0.13526786173208796,0.00799957419369973,-0.004512792325306048
0,0,-0.11561499414944557,-0.0020007494902173767,0.006266960240384983
0,0,-0.2521413408797026,-0.009892924496884694,-0.004967211099910733
0,0,0.25618782427747966,0.00997265687258034,-0.005211875832743029
0,0,0.15529656939883021,-0.005233006965184366,0.00852766539222268
0,0,-0.2444481223115051,0.0025610281957932825,0.0026529037018349078
0,0,-0.19813622447147028,0.007057664841858461,-0.002239355124995097
0,0,-0.17315035632407802,-0.00982290104419993,0.007162669417505494
0,0,0.23812339253250914,-0.0011896369999195907,-0.0037809559983113398
0,0,-0.2246820164383953,-0.007577848789141004,-0.00028969400480415713
0,0,-0.19956762133819245,0.008889759072347464,0.0013782732689303061
0,0,-0.1142008557550043,0.002591293463910172,0.002583579647596876
0,0,-0.10014004494006379,0.0058788101024310774,0.006021860490436579
0,0,-0.18803462496125622,0.005817521451192438,0.008957770667790617
0,0,0.1351851788028923,0.006861295262592914,0.0019791048387013156
0,0,0.22544894868530668,0.005616203502592119,0.00539215816236238
0,0,0.1112365859413991,-0.006652875861931673,-0.0021728160489086525
0,0,0.21925154522665696,-0.0031843861059244307,-0.007449899825727451
0,0,0.10942144490120909,0.0032759244429756314,0.005230402624508903
0,0,-0.11495251427282233,0.0022600444896882267,0.0077485175209320006
0,0,-0.1833035453008029,0.009238449006545147,-0.009170107560083043
0,0,-0.1282918197890821,0.0002421002475417617,0.00713368038451727
0,0,0.2382156094017373,0.0024576129814870007,0.005084125234870873
0,0,-0.1249511977119025,0.007838972356206146,-0.0028083599732120048
0,0,-0.23705590608143579,0.004409788909817731,0.00234776928032176
0,0,0.1803642541622178,-0.0034729173830904255,0.009475103793293234
0,0,-0.20033573308575106,0.003609853783624368,-0.009210632115010163
0,0,-0.11545139721880798,-0.006125974919626503,0.00828716990906673
0,0,-0.1326583417337952,-0.004953406347097975,0.005943456753738868
0,0,0.24756807004429254,-0.00022516232765247557,-0.0017489049350487406
0,0,-0.2315657389028645,0.0054839371477622065,-0.00034190700103731674
0,0,0.25365425221278026,-0.007550002925035689,-0.007150216981976776
0,0,0.2058200061254868,-0.003591689691335176,-0.006777470947135315
0,0,0.151805225055753,0.004920767620254856,-0.009682168894304836
0,0,-0.10491385120976332,0.0006156826298365694,-0.0017617528222253574
0,0,-0.1425544624226162,0.005164383485766255,0.004297522790534717
0,0,0.1681412439834162,-0.004999458218891477,0.00984755580901941
0,0,0.15486611642225195,0.004349486594907619,0.009399012377679856
0,0,0.155225902704677,-0.007947652681227773,0.006027856688322298
0,0,-0.16789923478154767,0.005492461880857313,0.006898223066285325
0,0,-0.201297584462091,0.006952691590938051,0.007334471821134449
0,0,0.13304149709206997,0.0033930709627298297,-0.0004601062242079526
0,0,0.10004465525925732,-0.0021311303351829788,-0.002590240553083596
0,0,-0.24455903022400693,-0.0045532983502256695,0.001615299592772037
0,0,0.11468310410799598,-0.005689918152507478,0.0011889448473206676
0,0,-0.15934274059295084,0.002272772907333279,0.00018269324907741434
0,0,0.1979744404133792,0.0055612128452021785,-0.006723133932148433
0,0,-0.1470877312646386,0.006111223055674962,0.0009546053123958894
0,0,-0.10794596770910098,0.0014398803145562536,-0.0038028205019502662
0,0,-0.2553009456212194,0.0036771713272104652,0.009923288281866794
0,0,0.15076280833188233,-0.0066010436979596215,-0.007830071117405853
0,0,0.21603982536203692,-0.002810540576544611,-0.0006531170617406663
0,0,0.23157122740646569,-0.0015530455551286907,-0.006900200170736222
0,0,-0.22070382832092836,0.0014166424340480346,-0.007306022739742363
0,0,-0.20818688101213123,0.0069844204028886876,-0.005610682671502667
0,0,-0.12411065510579744,0.009404329982378766,-0.001274071071995975
0,0,0.22727763269318674,0.0064167336138358354,0.0033800590208365004
0,0,-0.24204640148574094,3.428711960164199e-06,0.00029319878761323824
0,0,-0.13630204602949253,0.007133297352802296,-0.0019192721547287104
0,0,-0.2035151745743074,0.001232189133383894,0.004101797723619389
0,0,0.1432437424613476,0.006336058740474928,0.0014800686641668337
0,0,-0.2247859624132095,0.006288772971163479,-0.006472813325348294
0,0,-0.14865009453982148,-0.007805556681158515,-0.008988473308760283
0,0,-0.1785866362322538,-0.0021922813661129845,0.00019649575170482304
0,0,-0.18786068546149776,0.0038659564160132207,-0.008205640999285245
0,0,0.20491017332615857,0.009506508973172888,0.0032450879261111294
0,0,-0.1378669167259397,0.008566143121805583,0.0028646355326967226
0,0,-0.1556320379490781,0.004201741461437576,-0.009420269089549271
0,0,0.22248705346305891,0.00897775644708433,-0.006009964521812421
0,0,0.11423833396065006,0.007913732669485364,-0.007386756390231643
0,0,-0.224664896100159,0.006332290026798805,-0.004027087859518417
0,0,0.13548299619402732,0.00357593026023164,0.005708733092258311
0,0,-0.15045323412549205,0.008929684822972643,0.008325962099057423
0,0,0.26159299315087214,0.001734252517027057,0.005768309349739967
0,0,-0.12351369567888934,0.006051073925733256,-0.0010569639894041187
0,0,0.19808375290710456,0.007637988775842123,0.002121744163308117
0,0,-0.11015016397123967,-0.0005669915829962322,0.002657756734146935
0,0,-0.2505515955486626,0.00736487372522472,7.649790656583805e-06
0,0,-0.14733821427752586,-0.00686012266722893,0.001885579025982069
0,0,0.12726084073235705,-0.0006842214085098879,0.0045654412554459525
0,0,0.20726150055520093,-0.0007874552322975712,0.00261382661955061
0,0,0.2293932222369554,-0.004508358447623071,0.007394137902403479
0,0,0.23321805564911297,-0.006053716683377544,-0.00132580419378521
0,0,-0.10309555915194324,0.001512800476417447,0.008738898876413366
0,0,-0.1553495958581361,0.0013196915274754778,0.004883010995718402
0,0,-0.2302630882680734,-0.002922794623657703,0.006106504636173656
0,0,-0.10864960507476581,-0.005282582072502218,0.007934040542408856
0,0,-0.19480778364253762,0.0045565425976805685,0.007969304346107353
0,0,0.16086498089486304,0.005505602981265791,0.008178326181733765
0,0,-0.10018888473923201,0.007024873480168335,0.006779528259556503
0,0,-0.20755201952250746,-0.0020098846864761155,0.005267216519883858
0,0,-0.17392084255484785,-0.0063739723574049,0.002751577899282258
0,0,0.18115904909111089,0.0011321187146917794,0.0007300639679286344
0,0,-0.1795910818660681,-0.004071965128410213,0.005334418837990882
0,0,0.16234473561256366,0.004409117758285836,0.005438394450390929
0,0,-0.19149004791774799,-0.0005425104239861443,-0.005719769337236107
0,0,0.23049671317013037,-0.008825849547169822,0.00746191337654281
0,0,0.13270405721541262,0.0032530841438043,9.235399139719339e-05
0,0,-0.25539160431960384,0.001711558568236739,-0.002669071446675473
0,0,-0.15277924731767192,-0.004482990267085392,-0.0010140280270782513
0,0,0.18943446946856574,-0.00954289942079509,0.003173018474265061
0,0,-0.11003331772384847,0.0042317548696217296,-0.004829610275995626
0,0,0.14480005330198015,-0.004683444027592401,0.006974668318658414
0,0,0.1779132156756966,-0.003957557961139988,-0.006569751875676986
0,0,-0.22113140630171357,0.0018356518072678314,-0.00012644445489435815
0,0,0.10342355530863845,0.0007769586666963695,0.005487416537526126
0,0,0.2513038550935064,0.007589127368789467,-0.005070774394466788
0,0,-0.256648572666336,0.00028425535242229856,0.002575453768895574
0,0,0.17427040644398084,-0.003785823929236232,-0.004434425718496948
0,0,0.1689817761497471,0.008472824506622642,0.0067180447526395005
0,0,-0.19263327326978053,-0.0025711559039260324,-0.0035608320234116735
0,0,0.2546204200209291,0.009773638300848415,0.004372280126177394
0,0,0.19246244390296646,0.006892555610323195,-0.009570372118744766
0,0,0.20550416096884438,-0.00864650254632926,-0.008038692247750608
0,0,-0.1448985649261056,0.006613181611730702,-0.0006994866094692711
0,0,-0.13321455674818333,0.00013371577938293099,0.0020186548260381406
0,0,-0.18917765058650432,-0.008727932460114862,0.00041278707722529166
0,0,0.2314436962684439,4.737812149942927e-05,-0.007809567598700053
0,0,0.226595001334571,0.005862047304644338,0.001972246167880892
0,0,0.1532297719488998,0.006538919901792827,-0.0005962393180383337
0,0,0.2007993109861958,-1.7595542154715677e-05,-0.003122724431317292
0,0,0.23015533768857588,0.0012829482034671987,0.0031583738116337887
0,0,0.18944685205322737,0.005036760063646449,-0.0006764574110998262
0,0,-0.19430815517478955,0.00861013669238461,0.0047930400249395835
0,0,-0.11902101674817583,-0.0032491189653406517,-0.005585939898354093
0,0,-0.15754653251148204,0.0006867514787960907,0.004014970162698212
0,0,0.18630767849127028,-0.0050665522473743166,0.004851817826011413
0,0,0.19925389423528828,-0.0037613877554988637,8.828732802521402e-05
0,0,-0.22319937681322097,0.00035788220676515915,0.0019254844606560462
0,0,0.12685859014278011,-0.00654556632913716,-0.00703746091027456
0,0,-0.23580403722317117,0.0074692013645098875,0.009380932712633907
0,0,0.18752597459323653,-0.0040251879626120755,0.005769929754002831
0,0,-0.11860873846284048,-0.005988815724973021,-0.0057018176437248136
0,0,-0.1951151966028554,0.0038921037476987094,-0.009446698012035192
0,0,-0.1652122840365695,-0.009354438714505298,-0.00021678019485917195
0,0,-0.24320999501985982,0.0018401717611479847,-0.004099802284454877
0,0,0.22178179354595728,0.0019315833349686697,0.00572929696895305
0,0,-0.16500923049480293,0.0005740507893955572,-0.0011455560500886336
0,0,-0.14266167114939496,0.005193285861433326,-0.0058503720724098415
0,0,0.17745063852432427,0.0007217705930536635,-0.001090684171620884
0,0,0.17437063625727148,-0.008460230523759327,0.003288750855215898
0,0,0.10165367668141004,0.006107210029659695,0.008717921140941972
0,0,-0.11190820298009374,0.00327663288503725,-0.0087017557027177
0,0,-0.1594970639228558,0.0038798288915331477,-0.0043193890969689935
0,0,-0.13582823157344626,0.008036688294613811,0.0017107890197415564
0,0,0.2034225876264909,-0.0012282546999125548,-0.0019519422838647146
0,0,-0.209663526973324,0.006831925895428926,-0.003573736834859194
0,0,0.1802051647666431,0.007221188838767415,-0.009244446680779506
0,0,-0.14579503031480073,-0.00031934067374373744,-0.005726102375862996
0,0,0.14685425457693613,0.0011101576515551818,-0.0029614640938846653
0,0,-0.19530653787145263,0.00563573820195524,0.0038686101067236557
0,0,0.21979835345523457,-0.0007544652848177243,-0.0002669379279207941
0,0,-0.10301032364468865,0.0034138203779135925,-0.0080472860182297
0,0,-0.14754090460253816,0.007638612238506417,0.0054793803315273445
0,0,0.21810092181714064,0.006272631394008231,0.008134273258943505
0,0,-0.2567349207538338,0.009985557471011338,-0.004673366749897589
0,0,-0.23829076114315081,-0.007038492806742364,-0.0049667123540594015
0,0,0.25947717353801397,-0.0022094053344622108,-0.0045505055119816305
0,0,0.2277666327070994,0.002255555731368708,-0.0020798596620408647
0,0,-0.11247954367086826,-0.004716152454074427,0.0041300202392781146
0,0,-0.24488064608832422,0.00967526055632346,-0.0021290702223296723
0,0,-0.1160639265411541,-0.0025462216993016092,0.0003535881275650906
0,0,0.1598361332676696,-0.006822705807744245,-0.007522968174887634
0,0,-0.15984545000951025,0.00047985266247441843,0.0030645860378399007
0,0,-0.11486346950948939,-0.0036099831857160413,-0.003311108852903961
0,0,-0.25668450906735973,-0.006782163104211298,-0.004357997744817163
0,0,-0.24686141515204565,0.006705933976651568,0.0023158764273007917
0,0,-0.25605890963661737,-0.00756305956769875,0.009871287256247583
0,0,-0.16008927395028608,-0.0015131269854466497,-0.003298630753865355
0,0,-0.17630791132393814,-0.0050222284067879385,-0.00302828582025354
0,0,0.14220325797288583,-0.005488490607731476,-0.005497605622716741
0,0,0.10915867163363477,-0.007937685867469624,-0.0014474929033402289
0,0,-0.18234831000016932,0.007850874702009817,0.009122854206912038
0,0,-0.13213959150267687,0.0019039370165464479,0.0002236276851614559
0,0,0.11682439858955457,0.005709771221518814,-0.00549675295313506
0,0,0.18659879094263504,-0.009786109727333528,0.0005026396507558008
0,0,-0.20174754714051948,-0.006609843189146708,0.006070544891346829
0,0,0.12335234749392521,-0.008278996234113684,0.008223626097540076
0,0,0.2550971530294091,0.008692078841575331,0.005343362833606173
0,0,0.2518585648684585,-0.006862146039995454,-0.004760506121935095
0,0,-0.16801120772967942,-0.0075189533096773516,0.0006894397020015281
0,0,0.2278867036715272,-0.0030973646964585046,-0.0036030410155163638
0,0,0.16086996208828147,0.004064852619918744,0.007368119886658338
0,0,0.22023907206056137,-0.009181756356488283,0.007209092337087065
0,0,0.1069821596185912,-0.009490255322093124,0.004023292785491808
0,0,-0.25333236188475017,3.462248544578751e-05,6.286708715860095e-05
0,0,0.1730889681320093,-0.005065146815048409,0.00033492282994276174
0,0,0.15758823632983343,0.004084871247330266,-0.006879763804403844
0,0,-0.25090589770725813,0.0005351454026022908,-0.006904665477644587
0,0,0.104785155989298,0.005401932558010122,0.00813128279341734
0,0,0.1665016913133409,0.004462980987525938,-0.005451258836817212
0,0,0.22818355813532465,-0.0004331368534334582,0.007274644837562407
0,0,0.14454198314190755,-0.0003090048590383577,0.007036918212203541
0,0,0.18742759840875614,0.007172197159771592,0.0047298409572437364
0,0,0.24415726035399793,-0.009242977496521327,-0.0023815541121764957
0,0,0.2542507869095836,0.005264135613559347,0.003057636648693825
0,0,0.2191267918603254,0.004672648956071,0.0027061809219947
0,0,-0.16794061680499706,0.000280377252350892,-0.002093534038399363
0,0,0.25777399526485256,-0.007748355643786677,-0.00018056732037062193
0,0,0.1246865271117982,0.000586761406549785,0.0044618139577666804
0,0,-0.2496335498840261,0.008510171118305753,0.007515999945896466
0,0,0.13034350132078834,-0.008203080623221582,-0.0011759041556182633
0,0,0.11798781828209798,0.008047044543116924,-0.0005230822389803089
0,0,0.25349185757678866,0.001736225641087323,0.004513520004763379
0,0,-0.25481006483610913,-0.0070439911317755,0.006032083375609924
0,0,0.10247919414099713,0.007482927538453163,-0.007474358917019473
0,0,-0.20861804905296155,-0.00650936965980927,-0.004944189216517052
0,0,-0.16372857132699395,0.002559419105218704,-0.007388212989618337
0,0,-0.1834205514742061,-0.007103190200123704,0.007834174352102782
0,0,-0.13758584630224774,0.006327647889956224,0.0010507084897372863
0,0,-0.2561216069270903,-0.007393791655924584,-0.002455610335893885
0,0,0.20473865679176384,-0.0048084602094674335,-0.0070872428197613834
0,0,0.2388971891976357,0.0027100796371439667,0.005627501886871297
0,0,-0.13600139494631916,-0.0022052304499346745,-0.001370438849274522
0,0,0.23250546450111248,0.007738936099006518,-0.0028497033797628872
0,0,0.16261353787093677,-0.009598455069861298,-0.004314965707527337
0,0,0.20776853347130442,-0.009401281665493628,-0.007733567957277643
0,0,0.11515072063236767,0.00953501419012852,-0.0053977554438282786
0,0,-0.2455665972353279,-0.006793755966198361,0.00482336990348701
0,0,-0.13344441820706324,-0.009573666939484552,0.005937032727919353
0,0,0.11742710086005415,0.009310709058966101,-0.0005443536645715376
0,0,0.21667594059311795,9.079323424602236e-05,0.0027367542731570535
0,0,0.12064513534901214,0.0017965719119226748,0.00129569070753658
0,0,-0.19890979873011452,-0.008395110982924819,0.0009282146561401475
0,0,-0.16990440176613303,0.008657662427082937,0.009189624130097768
0,0,-0.2364846987834951,0.003636321316891865,0.0014877917433205618
0,0,0.24209958236871065,0.008599757900692248,0.006552021029366547
0,0,0.16578531671217733,-0.0044809007227080725,0.007404741395419962
0,0,-0.11865508143280931,-0.002317088290471725,-0.002810385976577767
0,0,-0.13912992687679876,0.005039783827181777,-0.006332417976730745
0,0,-0.1510642413449762,0.007826285560979451,0.0052107136486969595
0,0,-0.2270716908667535,0.006615769017961385,0.008724523566283443
0,0,0.2380721273862434,-0.0021749961838021543,0.009859659192357003
0,0,0.1356872420066244,-0.006274702624818803,0.00896743587014748
0,0,0.11225350741252149,0.00010150084633678454,0.0011077906896649718
0,0,-0.1618816871702244,0.005709208840970275,0.0007377971053485807
0,0,0.12902723924321835,-0.006912433650499004,-0.005501042336702886
0,0,0.21492993588727533,6.388369602728684e-05,-0.005990708443423047
0,0,-0.24511007747130123,0.0017056936381310457,0.008280133152886998
0,0,-0.20310234844845793,0.0033729727861641842,0.0016220714467836458
0,0,-0.20182210698306108,-0.006662078457663258,0.002974313162366727
0,0,-0.17650333329049533,0.005912078430874603,0.0018033537819355776
0,0,0.23757661833109595,-0.008166339660726288,-0.006971421157626629
0,0,-0.16110780322696322,0.005176593187406951,0.0037579920523552034
0,0,-0.12162200285093414,0.0027791198250322544,-0.0016270068019579222
0,0,-0.15515886779410643,-0.005566513305094374,0.001542528683342339
0,0,0.1129138261950598,0.0023861213421408293,-0.005906935968123066
0,0,0.16735397124912538,-0.0032892206558720206,0.002124624069304153
0,0,-0.25619352895547187,0.0039418573257585,-0.0006182801257819982
0,0,-0.10492417984701347,-0.0037160972199521925,-0.0033240888151632713
0,0,-0.17703067049259685,-0.0019347698379850575,-0.005869878736026475
0,0,-0.2559851543431855,-0.0049704498669463915,-0.00841096099525955
0,0,0.22709860840504592,0.005398516151466311,0.0025826889536874845
0,0,0.2473170898637425,0.0037557949521339947,0.007119519094796781
0,0,0.237591776970643,-0.005772658534201665,0.0005601153729247292
0,0,0.20416501086171313,0.0077240723663295745,0.004389407577987781
0,0,-0.17946478304950259,-0.0022023155988311503,0.009843010346167474
0,0,-0.2571748028479068,-0.0005033486199084673,0.004824012765662373
0,0,0.11563882316425725,-0.0009399624084862838,-0.000869492558607304
0,0,0.2313413989617492,0.0023064244037884277,0.0009657834388167169
0,0,0.21255211834649246,-0.008082461159210024,0.007820155429491321
0,0,-0.2555428672649167,-0.006173678900366697,0.004623428624475578
0,0,0.10182332138025443,0.009560300763326634,0.008939705973547265
0,0,-0.25501918827969927,0.005189879942959916,-0.006242275550404354
0,0,-0.21770907438806922,-0.008879337422071441,-0.0014597574663980858
0,0,-0.11556179679585826,-0.0023127723809201473,0.005437843322732849
0,0,-0.10709189650949213,0.007997253448128442,0.0022202068260913244
0,0,0.2004455599145813,-0.0015928935462602104,0.009103493540478352
0,0,-0.13820657288350038,-0.0018872800413626493,0.007748380912913388
0,0,0.16436860715493828,-0.001901698166093575,-0.008717179706186016
0,0,-0.1939860327875554,0.005282635622919456,0.006396251317444873
0,0,-0.10859407772271967,0.0021770436352049893,0.0026287316908042684
0,0,-0.252419047464347,-0.004485708073935102,-0.009156498676391726
0,0,-0.24967596088687244,-0.00217531342895793,-0.009811005668188322
0,0,-0.24842080972094438,-0.0014098585817421058,0.006507251665956363
0,0,0.21484658162221432,0.006127501846013591,0.0035589437979327877
0,0,-0.1243011738620882,-0.00735723884458067,-0.006928950906293085
0,0,-0.25700448718962066,-0.0059503143852705056,0.008567844528536124
0,0,0.18732872418988297,-0.005651411407421603,-0.00852954074997027
0,0,-0.11514646606786677,3.5090926902047945e-05,-0.008813248912959752
0,0,-0.23825942429034114,0.00013777333036362437,0.007316019741278381
0,0,0.21623155966703422,0.008618691842846698,0.001396081236736008
0,0,0.20649079220746425,0.005583840851736134,0.0037542160976277456
0,0,0.11947083626945895,-0.0002801146941111242,-0.001707950418800173
0,0,-0.12552138709017427,0.008039329430520365,-0.005618953566224383
0,0,0.2285977140463058,-0.0023063675467983203,-0.006339398118496502
0,0,0.12337156608462299,0.007627877864320053,-0.0055925674551209024
0,0,-0.1973867095252011,-0.007520723317094391,0.0065887075325284285
0,0,-0.13245268134334176,0.005073249509244792,-0.007465254785903026
0,0,0.17982200082734665,-0.007509879117700651,0.00708343763255804
0,0,-0.1747593906317884,0.003957947337122427,0.003966762166136317
0,0,0.14304556663435924,0.0023547901090494715,0.002839057863765492
0,0,0.1814513728722879,-0.005199093120696259,-0.004166040839399325
0,0,0.21846946733533174,-0.004905792232048454,0.0064823226683449215
0,0,-0.20876699468057278,-0.0021417200915599347,-0.0065862689752060445
0,0,-0.16145601844336172,0.008893534234660752,-0.004414373722306102
0,0,0.14487091027759216,0.007275527896721529,-0.00274412489641527
0,0,0.12876345658461547,-0.00147481091093115,-0.007378955572232771
0,0,0.13493442816557918,0.005981070839624217,-0.006374114659194401
0,0,-0.11156652618217941,-0.005281002067869471,0.00899089039456139
0,0,0.17834916213111385,0.008946207775966079,0.0036845365517127523
0,0,0.23455461525988136,0.0018966378762848013,0.008427700088076555
0,0,0.11094269782854863,0.00032113069417411856,0.004536138649406211
0,0,0.22721372764985148,0.009362086453484473,0.002420229520375133
0,0,0.2482635356009345,0.0015923473128179374,0.009871767121930044
0,0,0.12412526832395604,0.00325689203470079,0.00045103169356041327
0,0,-0.19830314697261847,-0.0014686165887107805,0.0019872846921776526
0,0,0.12686286117346648,0.00020896962387686666,-0.008649716028580872
0,0,-0.17781107616732506,-0.0031682381193182986,0.002790254093710436
0,0,-0.20346446233095655,0.009756909778364008,-0.0021840606989923343
0,0,-0.19202555850690656,-0.004243725655062738,0.0069110556318320564
0,0,0.13994128339931233,-0.005136521587383718,0.0007172478550877721
0,0,0.134730228739733,-0.008259851744654585,-0.007575286370765786
0,0,-0.1784799033828945,0.009921901121847826,-0.008288239410580125
0,0,-0.12099271988811677,-0.009818743221788535,0.0034900482120014623
0,0,-0.24390424738949407,-0.00909249328094459,0.000859695369911288
0,0,-0.10664073756531559,0.0013693965261235425,0.00739957375818282
0,0,0.11338608696721983,0.004343158276283858,-0.00961014552576179
0,0,0.10744804545862885,-0.006907519530062901,0.0076263473530195965
0,0,-0.22540988875883583,0.003501826440420224,0.0077188400737914446
0,0,-0.12089610650380328,0.0028634094115024475,-0.004932896680124885
0,0,-0.1462673634781667,0.002795092257882874,0.008794539409606271
0,0,0.11768239910570188,0.003721195702863049,-0.008360259569940996
0,0,-0.19981735628766195,0.0024421962773053182,-0.003306080316561027
0,0,-0.14538698234741704,-0.0075946766037845205,0.00928585536718903
0,0,0.1711455719934717,-0.009748327643169892,0.0022325838051438836
0,0,-0.18374078931811472,0.003912198199364177,0.008579530668647839
0,0,0.12321178471938088,-0.006506144624496784,-0.006886045268058614
0,0,-0.20381949145055606,-0.002666993158760988,0.008579616591487321
0,0,-0.2598096116249317,0.009344306541054991,-0.009653172735098834
0,0,0.11731020564822156,0.003008694957333684,-0.002142106185816022
0,0,0.1584769588029198,-0.008980716827434601,0.0057183766451097285
0,0,-0.2450525284613422,0.009023994645139017,0.002628230756623254
0,0,-0.2419309119943742,0.006105059422390919,-0.00690572581737541
0,0,0.18399827191889853,-0.003186874864280316,-0.00620078080157924
0,0,-0.1388425805005255,0.005912663686995766,0.007083765400620815
0,0,-0.17137174766917834,-0.0030647549497698524,-0.004811309574117926
0,0,-0.1982331754192312,-0.001913569912904818,0.005356422529063251
0,0,-0.15674294305346723,0.0024394045583340657,0.008499546445252954
0,0,-0.15405434596744974,-0.0010382172527610683,-0.0007287229573805284
0,0,0.13298815577587544,0.0033199712099902905,-0.007742923412084563
0,0,0.13664731550199438,-0.00146803853453918,0.005402843322061502
0,0,-0.1790992391554128,0.0034060267031484417,-0.0035618966684724243
0,0,-0.14486211258878745,0.0005953571923248899,0.006436658134392119
0,0,0.15664997596921246,0.006428217267815841,-0.00588120407329765
0,0,0.24665148072396537,-0.008574389314219324,-0.0034552849115325347
0,0,0.25111870412258336,-0.004678749106789653,-0.004772094344431445
0,0,0.15451691272405263,0.0017901362824710582,-0.007875078842781309
0,0,-0.24235328958140992,-0.0073330761509530305,0.00395653586670343
0,0,0.23142709759321806,-0.0054025654237435175,0.004721148525212444
0,0,0.21535736888247564,0.006876528173036444,0.0029145459653669055
0,0,-0.15119421610036943,-0.0016039592125996795,0.00661773870426218
0,0,0.10602161741831387,-0.0004519806990140665,-0.0019510936435789845
0,0,0.2095290913949362,0.00423815954294377,-0.005594163211570857
0,0,0.16214506482678717,0.003893716035192925,0.0008195646509638783
0,0,0.12768895727893023,0.009457164660221834,0.006493542184975639
0,0,0.20469478337390207,0.0025020127685623558,0.009268459931855369
0,0,0.1945199256636686,0.0013753958817866348,-0.0023850682607881703
0,0,0.16425884749856756,0.008095100354443626,0.000563039501786957
0,0,0.23116245586079764,0.007050607807330826,0.004851879811292471
0,0,0.19030615682750224,-0.009134559142405824,0.005570627572759421
0,0,0.1422290669470712,-0.0020521262390641604,-0.004616010587329218
0,0,0.25991187200468974,0.00581597234459705,-0.006759226181103555
0,0,-0.24617681357114046,0.0011473306203925709,0.0003565446386854104
0,0,0.11505199023337254,-0.008474769990331721,-0.002001981290033015
0,0,0.171552955794988,-0.006016783572673545,-0.006704967111634819
0,0,0.1943042065798417,-0.0010324731704407682,0.006382103693289608
0,0,-0.24890395963939155,-0.001155787987585916,-0.0019516857119154726
0,0,-0.20436415653853945,-0.000252136830517306,0.0019903765316951986
0,0,0.21378979393155317,-0.004652014651871426,-0.0002569580850101949
0,0,0.2393880126148314,-0.0006055346453046444,0.0072830093712307215
0,0,-0.13113406934505342,0.006085129576284943,0.001149717622043557
0,0,0.2549623789980823,0.006556033907376005,0.007291809468734355
0,0,-0.11420946308387367,-0.004305878554904798,0.002757986659605565
0,0,0.18915338742406546,0.00789461765479814,-0.006112117236413901
0,0,-0.2580458385468134,-0.004723681250126288,0.004440532713409993
0,0,0.19316665476911893,-0.0030457288533605343,-0.00900434587375414
0,0,-0.10025787142241185,0.0032589919355991478,-0.006386783316046602
0,0,0.11576130046188651,-0.0027967319079771303,-0.0012825057380278487
0,0,-0.11293503217597844,-0.0016131467768511834,-0.002441758092358026
0,0,0.12415338516306496,-0.0007789010720242497,0.00020350907918707806
0,0,-0.20316844921546828,-0.008085582364684048,0.005417710140138381
0,0,0.11752190618601546,0.009395172789710577,0.006027812900684866
0,0,0.23859818823923196,0.001557897248342932,-0.00915666295270695
0,0,-0.12750660740125636,0.003359632165239268,-0.004015819168851043
0,0,-0.20450885870048377,0.009682369985988476,-0.0020369939858658984
0,0,-0.16940744708844313,-0.0067607212207243025,0.0008143420301533373
0,0,0.1422458785863519,-0.0030104102867582116,0.004734482503404136
0,0,0.14287847597048034,-0.00664338481067698,-0.0029139579091704013
0,0,-0.14277661991822857,0.0075488371982026774,0.007902751618036484
0,0,-0.10222391545762918,0.009105278144713241,-0.00865807452005196
0,0,0.11729298104332678,0.003086476908533569,0.009726150427993444
0,0,-0.21729968731834787,-0.003478094690358444,0.005740598167084622
0,0,0.1182020147634055,0.005133924455383035,-0.004660061234586721
0,0,-0.10838780985082491,-0.002532653952640771,-0.004410073676816102
0,0,-0.17735442519178177,-0.003832528638255721,0.004252063824232606
0,0,0.16640856106581536,-0.0007587236576850568,-0.008250975989653065
0,0,0.2133708831508302,-0.007933043490959177,-0.007220406090527665
0,0,0.13244091707527308,0.008742250469758473,0.003921524571540247
0,0,-0.2419725375723659,0.007240646432451406,0.001337259399343654
0,0,0.10936388231703445,0.002569311857184174,0.007582319727262308
0,0,-0.16754563821765867,-0.00783603865634792,0.003682881902663528
0,0,0.1909916112931726,-0.006396669120474419,-0.007798466581348713
0,0,-0.258916166320097,-0.002035774578330894,-1.2376016149180658e-05
0,0,0.10455283891723735,0.00660440051014278,0.0010726753575652313
0,0,0.18913207103323482,-0.0015480417497009784,-0.0025977276917998025
0,0,-0.10699755047224455,0.009346385217432163,-0.007221529480557796
0,0,0.14265541193842823,-0.007879889963929236,-0.004808906900315746
0,0,0.15852608948220587,0.0027303468500652957,-0.0011544830807399872
0,0,-0.20790318623774687,-0.004427346597638733,0.0056084545316714
0,0,-0.24071669866700798,-0.009471504478427213,-0.00676027525489346
0,0,0.19631305886828515,-0.0034594110986490567,-0.0014995140206243603
0,0,-0.19059193154781523,-0.0069173220840716846,0.005187103894257172
0,0,-0.16528225143209313,0.005477906341436783,-0.004923080960808508
0,0,0.1348157198920276,0.004372400505200951,0.009902175753216292
0,0,-0.14833826064935285,0.004892896317672868,0.0018523980313747117
0,0,0.16469822404700082,0.0026228707238904678,-0.0015743351931580673
0,0,0.1951210009230811,-0.0030876875759319414,-0.0014247819947779596
0,0,-0.2535540071220712,0.006719894589615942,0.0009799419132036427
0,0,0.2608655096336181,0.003922746308840716,-0.0009952633329953376
0,0,0.13682496575587438,0.0007026686654317289,-0.0041733088649853565
0,0,0.2554700769762069,-0.0038253137219554853,-0.007853322093882844
0,0,0.22949446431316972,0.003772832110198975,0.007739986750729457
0,0,0.15328473082537222,0.003174606707606999,-0.002035551823298209
0,0,-0.25088410442196385,-0.00455150263538507,-0.00387644862647496
0,0,-0.19687720153363414,0.009529277166567379,-0.004920073780772696
0,0,-0.1640845770454959,-0.008609209050227964,0.0035723739186538303
0,0,0.12617100270424844,0.00327323619727723,0.007067646947287403
0,0,-0.21602778024234504,0.0014604885880105042,0.004302339011400803
0,0,0.16679816623557334,-0.0038692184946790813,0.001519807598483268
0,0,0.12938922893104074,0.00013974643600851884,-0.0013315124258096288
0,0,-0.169542442807399,0.0068338667060895125,0.003962563582121182
0,0,0.19011439143495318,0.0019364955237760103,-0.0012518571283115405
0,0,0.13521639849128017,0.0023549270898729543,-0.0011336633558516884
0,0,0.16829637673461778,-0.0010110391834966745,-0.00015264032157983297
0,0,0.21495188968676493,-0.004285687862631793,0.008998192880543618
0,0,-0.24802502242129446,0.006223879413069578,-0.008564451153409076
0,0,0.13235425938707485,0.00022779231986947562,-0.005775902935683388
0,0,-0.23448906954048773,0.0009217928955943151,0.0030506745447226383
0,0,-0.24850207424649545,-0.0009604034923543087,-0.008656481482897922
0,0,0.20252537340329135,-0.00590266810956009,-0.00884789198715865
0,0,0.24448969107266427,-0.002639160636635638,-0.007944703725392615
0,0,0.18171866782194634,-0.001847403238767786,0.009353647185259167
0,0,-0.20013137155621874,0.002766103596034913,-0.005227589791748162
0,0,-0.1553436884276862,-0.0034021600494146906,0.0012593716237726121
0,0,0.26084724408778603,0.006701644513465324,0.0073854998818756335
0,0,-0.2552189754188524,-0.0031718659585518276,-0.0038362653750468436
0,0,-0.11522336416787851,0.0010079611826491908,0.009603152799706192
0,0,0.25821553693883564,0.007368195426109831,-0.004098760193763628
0,0,-0.1823701542134989,-0.003047108778618088,-0.0019032154546198016
0,0,0.21404280806040465,0.0070851574118030464,0.0070443872106502
0,0,0.2306024488549115,-0.0073742007447282765,-0.000144858673090437
0,0,-0.2028392494157257,-0.0033878543650958503,0.00743793337017507
0,0,-0.10180593582872774,0.002214597300507366,0.0006085929163378318
0,0,-0.24444777394135853,0.0059421664262458065,-0.0018250869473550278
0,0,0.21217569885038318,-0.0005879783001369824,-0.0005646486500026811
0,0,-0.23008150984453546,-0.002592746453351515,0.009191527698967404
0,0,-0.12492201800278471,0.008025517826613598,0.008892913409677869
0,0,-0.1732995117665831,-0.0033037860145733403,-0.009579973811800169
0,0,-0.194539985864392,0.0005004496875680581,-0.008645369709028206
0,0,-0.23511500751317987,0.006024242110456395,0.004387547702839594
0,0,-0.18981933396894907,0.0015453199627702922,0.005639040610124485
0,0,-0.16246371998896578,0.004357547372359041,-0.000247521506973037
0,0,0.10989783381956808,-0.008337011856273942,-0.0023253499992701545
0,0,0.12474776781996935,0.0009349716772497005,-0.006290555080349134
0,0,0.12685878717861035,0.009516905385085367,0.009520062190370998
0,0,0.253541925268887,0.006972048364333109,0.0054315905370915605
0,0,-0.10643713260641571,-0.003991445790908408,0.0051009262667267175
0,0,0.17419857544097903,0.001281907121877049,0.007427082096461141
0,0,0.18950810499702925,-0.0019677166247970956,0.00019842921156681438
0,0,0.17081845609319296,0.001429951377126459,-0.00298526699419784
0,0,0.10975190224461817,0.004449928980323162,0.0064649269768442316
0,0,0.24880766462452064,0.008415731801506706,0.005534294841174781
