Episode:1,Phase,WallTime,SimTime,TimeStep,State:31,Action:4,Reward:1
open phase,1635805732.6043577,2,1,1.0,1.0,1.0,-0.02674999999999999,0.053,0.08,-0.02674999999999999,0.053,0.08,-0.02674999999999999,0.053,0.08,-0.038007618483817826,0.12411445722265482,0.08,0.02674999999999999,0.053,0.08,0.038007618483817826,0.12411445722265482,0.08,0.2983,1.1982624011688472e-07,-0.2983,-1.1982624011688472e-07,10,10,10,10,10,10,1.57,0.0,-1.57,0.0,
open phase,1635805732.6144047,2,2,1.0,1.0,1.0,-0.02675,0.053,0.08,-0.02675,0.053,0.08,-0.02675,0.053,0.08,-0.05646792255617497,0.11858082859300562,0.08,0.02675,0.053,0.08,0.05646792255617497,0.11858082859300562,0.08,0.539923,7.250832286524792e-07,-0.539923,-7.250832286524792e-07,10,10,10,10,10,10,1.57,0.0,-1.57,0.0,
open phase,1635805732.6241405,2,3,1.0,1.0,1.0,-0.026749999999999996,0.053,0.08,-0.026749999999999996,0.053,0.08,-0.026749999999999996,0.053,0.08,-0.06991713742737893,0.11062463228798755,0.08,0.026749999999999996,0.053,0.08,0.06991713742737893,0.11062463228798755,0.08,0.73563763,1.1015104093356892e-06,-0.73563763,-1.1015104093356892e-06,10,10,10,10,10,10,1.57,0.0,-1.57,0.0,
open phase,1635805732.6339004,2,4,1.0,1.0,1.0,-0.026750000000000003,0.05300000000000001,0.08,-0.026750000000000003,0.05300000000000001,0.08,-0.026750000000000003,0.05300000000000001,0.08,-0.0793469855852349,0.10216865980832299,0.08,0.026750000000000003,0.05300000000000001,0.08,0.0793469855852349,0.10216865980832299,0.08,0.8941664803,1.3123240340746506e-06,-0.8941664803,-1.3123240340746506e-06,10,10,10,10,10,10,1.57,0.0,-1.57,0.0,
open phase,1635805732.6435473,2,5,1.0,1.0,1.0,-0.02675,0.05299999999999999,0.08,-0.02675,0.05299999999999999,0.08,-0.02675,0.05299999999999999,0.08,-0.08580395917435917,0.094190167586854,0.08,0.02675,0.05299999999999999,0.08,0.08580395917435917,0.094190167586854,0.08,1.022574849043,1.4056286762019417e-06,-1.022574849043,-1.4056286762019417e-06,10,10,10,10,10,10,1.57,0.0,-1.57,0.0,
open phase,1635805732.653374,2,6,1.0,1.0,1.0,-0.026749999999999996,0.05299999999999999,0.08,-0.026749999999999996,0.05299999999999999,0.08,-0.026749999999999996,0.05299999999999999,0.08,-0.09015969674079465,0.08710586986488472,0.08,0.026749999999999996,0.05299999999999999,0.08,0.09015969674079465,0.08710586986488472,0.08,1.1265856277248298,1.4176541131361424e-06,-1.1265856277248298,-1.4176541131361424e-06,10,10,10,10,10,10,1.57,0.0,-1.57,0.0,
open phase,1635805732.6632807,2,7,1.0,1.0,1.0,-0.026750000000000003,0.052999999999999985,0.08,-0.026750000000000003,0.052999999999999985,0.08,-0.026750000000000003,0.052999999999999985,0.08,-0.0930700566536736,0.08102945032378482,0.08,0.026750000000000003,0.052999999999999985,0.08,0.0930700566536736,0.08102945032378482,0.08,1.2108343584571122,1.3753845698915499e-06,-1.2108343584571122,-1.3753845698915499e-06,10,10,10,10,10,10,1.57,0.0,-1.57,0.0,
open phase,1635805732.673048,2,8,1.0,1.0,1.0,-0.026750000000000003,0.053000000000000005,0.08,-0.026750000000000003,0.053000000000000005,0.08,-0.026750000000000003,0.053000000000000005,0.08,-0.0950027675905886,0.07592508923047189,0.08,0.026750000000000003,0.053000000000000005,0.08,0.0950027675905886,0.07592508923047189,0.08,1.2790758303502607,2.4982488821969285e-06,-1.2790758303502607,-2.4982488821969285e-06,10,10,10,10,10,10,1.57,0.0,-1.57,0.0,
open phase,1635805732.6827185,2,9,1.0,1.0,1.0,-0.02675,0.05299999999999999,0.08,-0.02675,0.05299999999999999,0.08,-0.02675,0.05299999999999999,0.08,-0.09628119296905716,0.07169259758031862,0.08,0.02675,0.05299999999999999,0.08,0.09628119296905716,0.07169259758031862,0.08,1.3343514225837112,4.1218481324567445e-06,-1.3343514225837112,-4.1218481324567445e-06,10,10,10,10,10,10,1.57,0.0,-1.57,0.0,
open phase,1635805732.6924348,2,10,1.0,1.0,1.0,-0.02674999999999999,0.053,0.08,-0.02674999999999999,0.053,0.08,-0.02674999999999999,0.053,0.08,-0.09712470692990985,0.06821185802357144,0.08,0.02674999999999999,0.053,0.08,0.09712470692990985,0.06821185802357144,0.08,1.3791246522928062,5.042301269446271e-06,-1.3791246522928062,-5.042301269446271e-06,10,10,10,10,10,10,1.57,0.0,-1.57,0.0,
open phase,1635805732.7020981,2,11,1.0,1.0,1.0,-0.026749999999999996,0.052999999999999985,0.08,-0.026749999999999996,0.052999999999999985,0.08,-0.026749999999999996,0.052999999999999985,0.08,-0.09768038857829744,0.06536446424766267,0.08,0.026749999999999996,0.052999999999999985,0.08,0.09768038857829744,0.06536446424766267,0.08,1.415390968357173,5.466810861841337e-06,-1.415390968357173,-5.466810861841337e-06,10,10,10,10,10,10,1.57,0.0,-1.57,0.0,
close phase,1635805732.711768,2,12,1.0,1.0,1.0,-0.026749999999999996,0.053,0.08,-0.026749999999999996,0.053,0.08,-0.026749999999999996,0.053,0.08,-0.09703116248640271,0.06863835667708908,0.08,0.026749999999999996,0.053,0.08,0.09703116248640271,0.06863835667708908,0.08,1.2946666843693102,-0.31349570034358853,-1.2946666843693102,0.31349570034358853,10,10,10,10,10,10,0.78,-1.65,-0.78,1.65,
close phase,1635805732.7213945,2,13,1.0,1.0,1.0,-0.02675,0.053,0.08,-0.02675,0.053,0.08,-0.02675,0.053,0.08,-0.09492093261218071,0.07616730339909066,0.08,0.02675,0.053,0.08,0.09492093261218071,0.07616730339909066,0.08,1.1968800143391414,-0.5674324077935837,-1.1968800143391414,0.5674324077935837,10,10,10,10,10,10,0.78,-1.65,-0.78,1.65,
close phase,1635805732.7312508,2,14,1.0,1.0,1.0,-0.026749999999999996,0.053,0.08,-0.026749999999999996,0.053,0.08,-0.026749999999999996,0.053,0.08,-0.09262082000981221,0.08206948694481758,0.08,0.026749999999999996,0.053,0.08,0.09262082000981221,0.08206948694481758,0.08,1.1176728116147046,-0.7731209832710955,-1.1176728116147046,0.7731209832710955,10,10,10,10,10,10,0.78,-1.65,-0.78,1.65,
close phase,1635805732.7409062,2,15,1.0,1.0,1.0,-0.026749999999999993,0.05299999999999999,0.08,-0.026749999999999993,0.05299999999999999,0.08,-0.026749999999999993,0.05299999999999999,0.08,-0.09038301414811489,0.08668737909701207,0.08,0.026749999999999993,0.05299999999999999,0.08,0.09038301414811489,0.08668737909701207,0.08,1.0535149774079107,-0.9397285977833258,-1.0535149774079107,0.9397285977833258,10,10,10,10,10,10,0.78,-1.65,-0.78,1.65,
close phase,1635805732.750887,2,16,1.0,1.0,1.0,-0.02675,0.053,0.08,-0.02675,0.053,0.08,-0.02675,0.053,0.08,-0.0883328651718385,0.09030349470528413,0.08,0.02675,0.053,0.08,0.0883328651718385,0.09030349470528413,0.08,1.0015471317004077,-1.0746806562957323,-1.0015471317004077,1.0746806562957323,10,10,10,10,10,10,0.78,-1.65,-0.78,1.65,
close phase,1635805732.7605407,2,17,1.0,1.0,1.0,-0.02674999999999999,0.05299999999999999,0.08,-0.02674999999999999,0.05299999999999999,0.08,-0.02674999999999999,0.05299999999999999,0.08,-0.08652143220636697,0.0931419467888601,0.08,0.02674999999999999,0.05299999999999999,0.08,0.08652143220636697,0.0931419467888601,0.08,0.9594531766773302,-1.18399173348105,-0.9594531766773302,1.18399173348105,10,10,10,10,10,10,0.78,-1.65,-0.78,1.65,
close phase,1635805732.7703846,2,18,1.0,1.0,1.0,-0.02674999999999999,0.052999999999999985,0.08,-0.02674999999999999,0.052999999999999985,0.08,-0.02674999999999999,0.052999999999999985,0.08,-0.0849581479429669,0.09537701633019569,0.08,0.02674999999999999,0.052999999999999985,0.08,0.0849581479429669,0.09537701633019569,0.08,0.9253570731086375,-1.272533631800624,-0.9253570731086375,1.272533631800624,10,10,10,10,10,10,0.78,-1.65,-0.78,1.65,
close phase,1635805732.7800276,2,19,1.0,1.0,1.0,-0.026749999999999996,0.052999999999999985,0.08,-0.026749999999999996,0.052999999999999985,0.08,-0.026749999999999996,0.052999999999999985,0.08,-0.08363054598207252,0.09714298912377065,0.08,0.026749999999999996,0.052999999999999985,0.08,0.08363054598207252,0.09714298912377065,0.08,0.8977392292179963,-1.344252508595236,-0.8977392292179963,1.344252508595236,10,10,10,10,10,10,0.78,-1.65,-0.78,1.65,
close phase,1635805732.7896566,2,20,1.0,1.0,1.0,-0.026749999999999993,0.052999999999999985,0.08,-0.026749999999999993,0.052999999999999985,0.08,-0.026749999999999993,0.052999999999999985,0.08,-0.0825158680259595,0.09854303419087557,0.08,0.026749999999999993,0.052999999999999985,0.08,0.0825158680259595,0.09854303419087557,0.08,0.875368775666577,-1.4023447490283392,-0.875368775666577,1.4023447490283392,10,10,10,10,10,10,0.78,-1.65,-0.78,1.65,
close phase,1635805732.7994106,2,21,1.0,1.0,1.0,-0.026749999999999996,0.05299999999999999,0.08,-0.026749999999999996,0.05299999999999999,0.08,-0.026749999999999996,0.05299999999999999,0.08,-0.0815876913936247,0.09965648510783445,0.08,0.026749999999999996,0.05299999999999999,0.08,0.0815876913936247,0.09965648510783445,0.08,0.8577504594272486,-1.4391804822810983,-0.8577608127662407,1.4391609662610825,-0.032543184610048834,0.156979006892547,0.07209107078357917,0.032543184610048834,0.156979006892547,0.07209107078357926,0.78,-1.65,-0.78,1.65,
close phase,1635805732.8094113,2,22,1.0,1.0,1.0,-0.026749999999999996,0.05299999999999999,0.08,-0.026749999999999996,0.05299999999999999,0.08,-0.026749999999999996,0.05299999999999999,0.08,-0.08088691226982234,0.1004678283671115,0.08,0.02675,0.05299999999999999,0.08,0.08089186570249021,0.10046217839768329,0.08,0.844817115116322,-1.4395857434162331,-0.8449715060913608,1.4449204169670053,-0.030307288218126546,0.1564404715081334,0.07209107078357917,0.030173691849715925,0.1563093089456607,0.07209107078357926,0.78,-1.65,-0.78,1.65,
move phase,1635805732.8199055,2,23,1.0,1.0,1.0,-0.026749999999999996,0.052999999999999985,0.08,-0.026749999999999996,0.052999999999999985,0.08,-0.026749999999999996,0.052999999999999985,0.08,-0.07625716013194542,0.10527849553755261,0.08,0.026749999999999996,0.053,0.08,0.08156088093460795,0.09968797844383748,0.08,0.6887893408236541,-1.3258683322482634,-0.8755085995402472,1.3380256583074153,-0.023932006762328595,0.15962289243593714,0.07209107078357917,0.03487646714830961,0.15894842612045182,0.07209107078357926,0.043491826212221155,-1.1020455090377748,-1.2344705683820794,1.0651303772036105,0
move phase,1635805732.830494,2,24,1.0,1.0,1.0,-0.02675,0.053000000000000005,0.08,-0.02675,0.053000000000000005,0.08,-0.02675,0.053000000000000005,0.08,-0.07295825747577808,0.1082159120277135,0.08,0.02674999999999999,0.052999999999999985,0.08,0.08198145332641024,0.09918968027008376,0.08,0.7002777911939663,-1.3283620812380739,-0.8732385356538388,1.3396205738752072,-0.01998614412466765,0.1619456051091241,0.09600168760309831,0.03862744795102451,0.1609283664183498,0.07209107078357926,0.043491826212221155,-1.1020455090377748,-1.2344705683820794,1.0651303772036105,0
move phase,1635805732.8409355,2,25,1.0,1.0,1.0,-0.026750000000000003,0.053,0.08,-0.026750000000000003,0.053,0.08,-0.026750000000000003,0.053,0.08,-0.0732941003355677,0.10793311136238876,0.08,0.026749999999999996,0.052999999999999985,0.08,0.08190613786687054,0.09927959005448043,0.08,0.7052975487794173,-1.3278823979813628,-0.8721992454976685,1.3388680078617117,-0.02068596183985691,0.16201393817162846,0.09600051835159164,0.0385018868920519,0.16098296230201667,0.07209107078357926,0.043491826212221155,-1.1020455090377748,-1.2344705683820794,1.0651303772036105,0
move phase,1635805732.851618,2,26,1.0,1.0,1.0,-0.02675,0.053,0.08,-0.02675,0.053,0.08,-0.02675,0.053,0.08,-0.07356251945987675,0.10770455211240343,0.08,0.026750000000000003,0.053,0.08,0.08186540829680153,0.09932808832961773,0.08,0.7100786116150423,-1.327600079168074,-0.8714519450620979,1.3384478212026862,-0.02124180883841733,0.16206350081839266,0.09600051835159164,0.03844406562259718,0.1610194341552065,0.07209107078357926,0.043491826212221155,-1.1020455090377748,-1.2344705683820794,1.0651303772036105,0
move phase,1635805732.8620405,2,27,1.0,1.0,1.0,-0.026749999999999996,0.053,0.08,-0.026749999999999996,0.053,0.08,-0.026749999999999996,0.053,0.08,-0.07381740979495918,0.10748540111987229,0.08,0.026750000000000003,0.053000000000000005,0.08,0.08183493845867845,0.09936431337789453,0.08,0.7146461819578183,-1.327527266379898,-0.8708752975144295,1.3383408720830328,-0.021760925400396938,0.1620878558641808,0.096000076075288,0.038388795636980055,0.16103819620782225,0.07209107078357926,0.043491826212221155,-1.1020455090377748,-1.2344705683820794,1.0651303772036105,0
move phase,1635805732.8724256,2,28,1.0,1.0,1.0,-0.026750000000000003,0.05299999999999999,0.08,-0.026750000000000003,0.05299999999999999,0.08,-0.026750000000000003,0.05299999999999999,0.08,-0.07406045807785899,0.10727449268729417,0.08,0.026749999999999996,0.05299999999999999,0.08,0.08181277840093862,0.09939062873867006,0.08,0.7190261947793413,-1.327527266379898,-0.8704852670889908,1.3383394075225703,-0.022250989488653103,0.16210746647407515,0.09600012074664059,0.03834101887426019,0.16104645792827477,0.07209107078357926,0.043491826212221155,-1.1020455090377748,-1.2344705683820794,1.0651303772036105,0
move phase,1635805732.8825665,2,29,1.0,1.0,1.0,-0.026749999999999996,0.05299999999999999,0.08,-0.026749999999999996,0.05299999999999999,0.08,-0.026749999999999996,0.05299999999999999,0.08,-0.07429224879044843,0.10707156905386696,0.08,0.026749999999999996,0.05299999999999999,0.08,0.08180165019924707,0.09940383400474292,0.08,0.7232137206677381,-1.327527266379898,-0.870380581744509,1.3383381382221353,-0.022718071573861354,0.1621216603353323,0.09600026035395309,0.03831520314283228,0.1610493048181993,0.07209107078357926,0.043491826212221155,-1.1020455090377748,-1.2344705683820794,1.0651303772036105,0
move phase,1635805732.8926506,2,30,1.0,1.0,1.0,-0.026750000000000003,0.053,0.08,-0.026750000000000003,0.053,0.08,-0.026750000000000003,0.053,0.08,-0.07451251616786435,0.10687710134476888,0.08,0.026750000000000003,0.053,0.08,0.08180674199097654,0.09939779263433812,0.08,0.7271987702678512,-1.327527266379898,-0.8706831580013381,1.3383384846105943,-0.0231636443105976,0.16213284973138925,0.09600025337565228,0.038327130147829847,0.16104808463180043,0.07209107078357926,0.043491826212221155,-1.1020455090377748,-1.2344705683820794,1.0651303772036105,0
move phase,1635805732.9031377,2,31,1.0,1.0,1.0,-0.026750000000000003,0.05300000000000001,0.08,-0.026750000000000003,0.05300000000000001,0.08,-0.026750000000000003,0.05300000000000001,0.08,-0.07471979320147867,0.10669263394738027,0.08,0.026750000000000017,0.05300000000000001,0.08,0.08182994078048464,0.09937025041573866,0.08,0.7309344687359213,-1.327527266379898,-0.8713611749169373,1.338342079802303,-0.02364699271826686,0.16093523205328575,0.09600022012616154,0.03838103125696235,0.16104218415078414,0.07209107078357926,0.043491826212221155,-1.1020455090377748,-1.2344705683820794,1.0651303772036105,0
move phase,1635805732.913496,2,32,1.0,1.0,1.0,-0.026749999999999996,0.052999999999999985,0.08,-0.026749999999999996,0.052999999999999985,0.08,-0.026749999999999996,0.052999999999999985,0.08,-0.07490895944357498,0.10652302892505335,0.08,0.026750000000000003,0.053000000000000005,0.08,0.08186775517401657,0.09932529616286515,0.08,0.7342768733406405,-1.327527266379898,-0.8723010529722418,1.3383450019777847,-0.024028237939492825,0.1609390458314656,0.09600012298860561,0.03846898063893413,0.16103252036113994,0.07209107078357926,0.043491826212221155,-1.1020455090377748,-1.2344705683820794,1.0651303772036105,0
move phase,1635805732.923828,2,33,1.0,1.0,1.0,-0.02675,0.053,0.08,-0.02675,0.053,0.08,-0.02675,0.053,0.08,-0.07507705289919628,0.1063713027579268,0.08,0.026750000000000003,0.053000000000000005,0.08,0.08191765958880395,0.0992658549633944,0.08,0.7372442796012629,-1.327527266379898,-0.8735033897572461,1.3383451221496296,-0.024367874094912416,0.1609443968719269,0.09600007306888407,0.03848474710009109,0.15978217483799598,0.07218243441110413,0.043491826212221155,-1.1020455090377748,-1.2344705683820794,1.0651303772036105,0
move phase,1635805732.9342175,2,34,1.0,1.0,1.0,-0.026749999999999996,0.053,0.08,-0.026749999999999996,0.053,0.08,-0.026749999999999996,0.053,0.08,-0.07522512894574868,0.10623684695483984,0.08,0.026750000000000006,0.053000000000000005,0.08,0.08198015080016968,0.09919123772524956,0.08,0.7398517152803398,-1.327527266379898,-0.8749897358923198,1.3383451221496296,-0.024667746828516877,0.16095059778251164,0.09600007306888407,0.038629012574438196,0.15976522069980215,0.07219231540187376,0.043491826212221155,-1.1020455090377748,-1.2344705683820794,1.0651303772036105,0
move phase,1635805732.9445422,2,35,1.0,1.0,1.0,-0.026749999999999996,0.05299999999999999,0.08,-0.026749999999999996,0.05299999999999999,0.08,-0.026749999999999996,0.05299999999999999,0.08,-0.07535412825421876,0.1061190993583989,0.08,0.026749999999999996,0.053,0.08,0.08205589961553031,0.09910051483136474,0.08,0.7421140473826486,-1.327527266379898,-0.8767708884703328,1.3383451221496296,10,10,10,0.03880415222016037,0.15974393904841688,0.07220058953908973,0.043491826212221155,-1.1020455090377748,-1.2344705683820794,1.0651303772036105,0
move phase,1635805732.954694,2,36,1.0,1.0,1.0,-0.026749999999999996,0.053000000000000005,0.08,-0.026749999999999996,0.053000000000000005,0.08,-0.026749999999999996,0.053000000000000005,0.08,-0.07501866334394833,0.1064241157061919,0.08,0.026749999999999996,0.053,0.08,0.081744387708026,0.09947168299749123,0.08,0.7204761488048885,-1.3161243865681858,-0.8547578866985058,1.3284592714162295,-0.02425004972123898,0.16093829071014185,0.09600167333902593,0.0380857674899048,0.15982285062639545,0.07220058953908973,0.043491826212221155,-1.1020455090377748,-1.2344705683820794,1.0651303772036105,0
move phase,1635805732.9650955,2,37,1.0,1.0,1.0,-0.02675,0.05299999999999999,0.08,-0.02675,0.05299999999999999,0.08,-0.02675,0.05299999999999999,0.08,-0.07334528361070065,0.10788970345372956,0.08,0.02675,0.053000000000000005,0.08,0.08031147674341124,0.10111619487308834,0.08,0.6967400989923145,-1.2938406318875377,-0.8325209996260589,1.3080583019307168,-0.0223638288010155,0.16220488246495313,0.09600167333902593,0.03628366065033606,0.1611985547102035,0.07220058953908973,0.043491826212221155,-1.1020455090377748,-1.2344705683820794,1.0651303772036105,0
move phase,1635805732.975665,2,38,1.0,1.0,1.0,-0.02675,0.053000000000000005,0.08,-0.02675,0.053000000000000005,0.08,-0.02675,0.053000000000000005,0.08,-0.07299677340250324,0.10818365654663996,0.08,0.02674999999999999,0.052999999999999985,0.08,0.08010226597307424,0.10134806837442777,0.08,0.698218390185614,-1.2931877015261832,-0.8364082634529821,1.307439366781341,-0.022054110167156818,0.16253522016741645,0.09600167333902593,0.0362026205740614,0.16152414075675567,0.07220058953908973,0.043491826212221155,-1.1020455090377748,-1.2344705683820794,1.0651303772036105,0
move phase,1635805732.98603,2,39,1.0,1.0,1.0,-0.026749999999999996,0.05299999999999999,0.08,-0.026749999999999996,0.05299999999999999,0.08,-0.026749999999999996,0.05299999999999999,0.08,-0.07305355978247008,0.10813601682631072,0.08,0.026750000000000003,0.053,0.08,0.0802947430465353,0.1011348157997983,0.08,0.6988426093785682,-1.2926486449784511,-0.8404860433964354,1.3069307694356003,-0.022198532853788644,0.1625695877326578,0.09600167333902593,0.03666731276151402,0.16150853425615846,0.07220058953908973,0.043491826212221155,-1.1020455090377748,-1.2344705683820794,1.0651303772036105,0
move phase,1635805732.9966733,2,40,1.0,1.0,1.0,-0.02675,0.053000000000000005,0.08,-0.02675,0.053000000000000005,0.08,-0.02675,0.053000000000000005,0.08,-0.07307013250015547,0.10812209470954494,0.08,0.026750000000000003,0.053000000000000005,0.08,0.08050264122103121,0.10090254233089405,0.08,0.698851455147713,-1.2923458814674582,-0.8450421978371133,1.3065857436756372,-0.02225374613032228,0.1625917402182598,0.09600167333902593,0.037162762291812125,0.1614830131768925,0.07220058953908973,0.043491826212221155,-1.1020455090377748,-1.2344705683820794,1.0651303772036105,0
move phase,1635805733.007182,2,41,1.0,1.0,1.0,-0.026749999999999996,0.05299999999999999,0.08,-0.026749999999999996,0.05299999999999999,0.08,-0.026749999999999996,0.05299999999999999,0.08,-0.07305169432563888,0.10813758339440621,0.08,0.026750000000000006,0.053,0.08,0.08073266960026237,0.10064316722079786,0.08,0.6982082877857596,-1.2921349906395423,-0.8500898569633878,1.3064790194967577,-0.022231245023911224,0.16260343818714548,0.09600167333902593,0.03769828803064552,0.16144103360147652,0.07220058953908973,0.043491826212221155,-1.1020455090377748,-1.2344705683820794,1.0651303772036105,0
move phase,1635805733.0174658,2,42,1.0,1.0,1.0,-0.02675000000000001,0.05300000000000001,0.08,-0.02675000000000001,0.05300000000000001,0.08,-0.02675000000000001,0.05300000000000001,0.08,-0.07299674245637953,0.1081836824810859,0.08,0.02675,0.053,0.08,0.0809848137149237,0.10035593924005227,0.08,0.6968930492394539,-1.2921366686509117,-0.8556316391809223,1.306479019496759,-0.02212802440300298,0.16260445911225235,0.09600167333902593,0.038277275520713853,0.1613838405222719,0.07220058953908973,0.043491826212221155,-1.1020455090377748,-1.2344705683820794,1.0651303772036105,0
move phase,1635805733.027623,2,43,1.0,1.0,1.0,-0.026749999999999996,0.053,0.08,-0.026749999999999996,0.053,0.08,-0.026749999999999996,0.053,0.08,-0.07290290156085605,0.10826219030688097,0.08,0.026750000000000006,0.053,0.08,0.08125849971688032,0.10004065750619201,0.08,0.6948484887719001,-1.2921307034284404,-0.8616614227730176,1.306479019496759,-0.021941695882597208,0.16259636851315762,0.09600167333902593,0.038905555454673856,0.16131517640144463,0.07220058953908973,0.043491826212221155,-1.1020455090377748,-1.2344705683820794,1.0651303772036105,0
move phase,1635805733.037896,2,44,1.0,1.0,1.0,-0.026750000000000006,0.053000000000000005,0.08,-0.026750000000000006,0.053000000000000005,0.08,-0.026750000000000006,0.053000000000000005,0.08,-0.07276888311075366,0.10837384217515335,0.08,0.026750000000000003,0.053,0.08,0.0815520842916298,0.09969830358046322,0.08,0.6920848745776498,-1.2921131862846582,-0.8681359414231206,1.306479019496759,-0.021677107672925286,0.16258526060470327,0.09600167333902593,0.03958378307590536,0.16123691135305146,0.07220058953908973,0.043491826212221155,-1.1020455090377748,-1.2344705683820794,1.0651303772036105,0
move phase,1635805733.0483067,2,45,1.0,1.0,1.0,-0.026750000000000003,0.053000000000000005,0.08,-0.026750000000000003,0.053000000000000005,0.08,-0.026750000000000003,0.053000000000000005,0.08,-0.07259731607456354,0.1085159761578509,0.08,0.02675,0.053,0.08,0.08186369072996305,0.09933013160052517,0.08,0.6886929983340515,-1.2920968634283891,-0.8750372413461054,1.306479019496759,-0.02133893686054695,0.16256989336914376,0.09600167333902593,0.04030858393578185,0.16114850793674443,0.07220058953908973,0.043491826212221155,-1.1020455090377748,-1.2344705683820794,1.0651303772036105,0
move phase,1635805733.058916,2,46,1.0,1.0,1.0,-0.026750000000000003,0.053000000000000005,0.08,-0.026750000000000003,0.053000000000000005,0.08,-0.026750000000000003,0.053000000000000005,0.08,-0.07239179088107789,0.10868506914037152,0.08,0.02675,0.053,0.08,0.08219114511958799,0.09893777778505164,0.08,0.6847224313328326,-1.292080313344778,-0.882312032729346,1.306479019496759,-0.020934843246663254,0.1625499922878368,0.09600167333902593,0.041075860475514064,0.16104954737954166,0.07220058953908973,0.043491826212221155,-1.1020455090377748,-1.2344705683820794,1.0651303772036105,0
move phase,1635805733.0698526,2,47,1.0,1.0,1.0,-0.02674999999999999,0.05299999999999999,0.08,-0.02674999999999999,0.05299999999999999,0.08,-0.02674999999999999,0.05299999999999999,0.08,-0.0721550860341964,0.1088782440868288,0.08,0.02675,0.053,0.08,0.08253126040526852,0.09852418025181367,0.08,0.6802329825548358,-1.2920896098465915,-0.8898955367924817,1.306479019496759,-0.020470357456323557,0.16252464412788323,0.09600167333902593,0.0418790507112853,0.16094001478535697,0.07220058953908973,0.043491826212221155,-1.1020455090377748,-1.2344705683820794,1.0651303772036105,0
move phase,1635805733.0803037,2,48,1.0,1.0,1.0,-0.026750000000000003,0.053000000000000005,0.08,-0.026750000000000003,0.053000000000000005,0.08,-0.026750000000000003,0.053000000000000005,0.08,-0.07188769860660091,0.10909445752032601,0.08,0.026749999999999996,0.05299999999999999,0.08,0.08288284725317277,0.09808994853902554,0.08,0.6751996764583024,-1.2921074689203216,-0.8978144780731073,1.306479019496759,-0.019946279866353847,0.1624923640783882,0.09600167333902593,0.04271620669166472,0.16081936380431278,0.07220058953908973,0.043491826212221155,-1.1020455090377748,-1.2344705683820794,1.0651303772036105,0
move phase,1635805733.090555,2,49,1.0,1.0,1.0,-0.026750000000000006,0.053000000000000005,0.08,-0.026750000000000006,0.053000000000000005,0.08,-0.026750000000000006,0.053000000000000005,0.08,-0.07158919841508286,0.10933334967399713,0.08,0.026749999999999996,0.052999999999999985,0.08,0.0832456262034133,0.097634563063664,0.08,0.6696412061174072,-1.2921160202817867,-0.9060517106940063,1.306479019496464,-0.019364108012794035,0.16245384795861406,0.09600167333902593,0.043587552470469644,0.16068672988856098,0.07220058953908973,0.043491826212221155,-1.1020455090377748,-1.2344705683820794,1.0651303772036105,0
move phase,1635805733.1010306,2,50,1.0,1.0,1.0,-0.026749999999999993,0.05299999999999999,0.08,-0.026749999999999993,0.05299999999999999,0.08,-0.026749999999999993,0.05299999999999999,0.08,-0.07125860162345442,0.10959491480269785,0.08,0.026749999999999996,0.053,0.08,0.08361878067154595,0.09715814517086963,0.08,0.6635186942911916,-1.2921078846368563,-0.9146077404939273,1.306479019496464,-0.018723706882082664,0.16240904397327321,0.09600167333902593,0.04449205626218168,0.160541407871017,0.07220058953908973,0.043491826212221155,-1.1020455090377748,-1.2344705683820794,1.0651303772036105,0
move phase,1635805733.1112437,2,51,1.0,1.0,1.0,-0.026749999999999996,0.05299999999999999,0.08,-0.026749999999999996,0.05299999999999999,0.08,-0.026749999999999996,0.05299999999999999,0.08,-0.07089518386477382,0.10987884265300508,0.08,0.026749999999999996,0.05299999999999999,0.08,0.08400113227758528,0.09666128551628356,0.08,0.6568589184682959,-1.292097137962958,-0.9234517949022479,1.306479019496464,-0.018023588239877708,0.162355902227744,0.09600167333902593,0.04542780170434497,0.16038284169635314,0.07220058953908973,0.043491826212221155,-1.1020455090377748,-1.2344705683820794,1.0651303772036105,0
move phase,1635805733.1213229,2,52,1.0,1.0,1.0,-0.026750000000000003,0.053,0.08,-0.026750000000000003,0.053,0.08,-0.026750000000000003,0.053,0.08,-0.07050050692430657,0.11018297949448073,0.08,0.026750000000000003,0.053,0.08,0.08439048539620062,0.09614596670942005,0.08,0.6497037720155114,-1.292098840599632,-0.9325360206264818,1.306479019496464,-0.017267321510161318,0.16229320283113957,0.09600167333902593,0.04639031082218667,0.16021097498903164,0.07220058953908973,0.043491826212221155,-1.1020455090377748,-1.2344705683820794,1.0651303772036105,0
move phase,1635805733.131752,2,53,1.0,1.0,1.0,-0.026750000000000003,0.05300000000000001,0.08,-0.026750000000000003,0.05300000000000001,0.08,-0.026750000000000003,0.05300000000000001,0.08,-0.07007605839478054,0.11050524031748821,0.08,0.026749999999999996,0.053,0.08,0.08478469094653618,0.09561425403242477,0.08,0.64208036002178,-1.2920997572839146,-0.941827179759725,1.306479019496464,-0.01645841954814422,0.1622198050942018,0.09600167333902593,0.04737507229968199,0.16002589107278553,0.07220058953908973,0.043491826212221155,-1.1020455090377748,-1.2344705683820794,1.0651303772036105,0
move phase,1635805733.1419964,2,54,1.0,1.0,1.0,-0.026750000000000006,0.05300000000000002,0.08,-0.026750000000000006,0.05300000000000002,0.08,-0.026750000000000006,0.05300000000000002,0.08,-0.06962252832974913,0.11084415540583907,0.08,0.02675,0.053,0.08,0.08518228663193335,0.09506742063596935,0.08,0.634000635333948,-1.2920980230297416,-0.9513066885448607,1.3064790194920766,-0.015599958087308595,0.16213557096374515,0.09600167333902593,0.048366496069298597,0.15969946306971305,0.09600502375016254,0.043491826212221155,-1.1020455090377748,-1.2344705683820794,1.0651303772036105,0
move phase,1635805733.1521802,2,55,1.0,1.0,1.0,-0.026749999999999996,0.053,0.08,-0.026749999999999996,0.053,0.08,-0.026749999999999996,0.053,0.08,-0.0691386445393658,0.11119968053275973,0.08,0.026749999999999996,0.05299999999999999,0.08,0.08558164351000079,0.0945070803828959,0.08,0.6254268912871087,-1.2920932503310785,-0.9609331162424714,1.3064790194920766,-0.014542566068372252,0.16334150310199985,0.06399538829878124,0.04938460071255654,0.1594710300989262,0.09600461170121875,0.043491826212221155,-1.1020455090377748,-1.2344705683820794,1.0651303772036105,0
move phase,1635805733.1622238,2,56,1.0,1.0,1.0,-0.02675,0.053,0.08,-0.02675,0.053,0.08,-0.02675,0.053,0.08,-0.06862450678168037,0.11157068961341501,0.08,0.026750000000000003,0.05300000000000001,0.08,0.08598098563079433,0.09393519685068873,0.08,0.6164125309093624,-1.2920941703613225,-0.9706760061609617,1.306479019487195,-0.013570999070222696,0.16323969271044297,0.06399541084496053,0.05041464469024198,0.15923582230805067,0.09600458915503947,0.043491826212221155,-1.1020455090377748,-1.2344705683820794,1.0651303772036105,0
move phase,1635805733.1724498,2,57,1.0,1.0,1.0,-0.026750000000000003,0.053000000000000005,0.08,-0.026750000000000003,0.053000000000000005,0.08,-0.026750000000000003,0.053000000000000005,0.08,-0.0680816281100581,0.11195503810338736,0.08,0.026750000000000003,0.05299999999999999,0.08,0.08637888156078459,0.09335339494776025,0.08,0.6069719307918919,-1.2921048224149623,-0.9805077084872594,1.306479019487195,-0.012552627833802031,0.16312220391552415,0.06399553905142377,0.05145320569058799,0.15898930360561575,0.09600446094857623,0.043491826212221155,-1.1020455090377748,-1.2344705683820794,1.0651303772036105,0
move phase,1635805733.182651,2,58,1.0,1.0,1.0,-0.02675,0.053,0.08,-0.02675,0.053,0.08,-0.02675,0.053,0.08,-0.0675091703559274,0.11235225380637612,0.08,0.026749999999999993,0.05299999999999999,0.08,0.08677458417970106,0.09276241056643794,0.08,0.597081716581463,-1.2920933322599266,-0.9904277291785344,1.3064790194875426,-0.011486998858023817,0.1629930483467961,0.06399510064298687,0.05249857236177497,0.15872627269609219,0.09600489935701315,0.043491826212221155,-1.1020455090377748,-1.2344705683820794,1.0651303772036105,0
move phase,1635805733.192702,2,59,1.0,1.0,1.0,-0.026750000000000003,0.053000000000000005,0.08,-0.026750000000000003,0.053000000000000005,0.08,-0.026750000000000003,0.053000000000000005,0.08,-0.06690656083827412,0.11276161495175632,0.08,0.026750000000000003,0.053,0.08,0.08716748786216438,0.09216282881030456,0.08,0.5867585959032017,-1.2920828341792847,-1.000416620682518,1.306479019482538,-0.010375653592449782,0.16284657676768763,0.06399510010885757,0.05354960684446265,0.15845246222718856,0.09600489989114243,0.043491826212221155,-1.1020455090377748,-1.2344705683820794,1.0651303772036105,0
move phase,1635805733.2029476,2,60,1.0,1.0,1.0,-0.026750000000000003,0.053,0.08,-0.026750000000000003,0.053,0.08,-0.026750000000000003,0.053,0.08,-0.06627595189545371,0.11318055439058597,0.08,0.026749999999999996,0.05299999999999999,0.08,0.0875560706665716,0.09155673443241662,0.08,0.5760700169895859,-1.292097578466757,-1.0104257260329876,1.306479019482538,-0.009220702677922597,0.16267965786131647,0.06399524111672236,0.0546024536892387,0.1581677847534203,0.09600475888327764,0.043491826212221155,-1.1020455090377748,-1.2344705683820794,1.0651303772036105,0
move phase,1635805733.2131271,2,61,1.0,1.0,1.0,-0.02675000000000001,0.053000000000000005,0.08,-0.02675000000000001,0.053000000000000005,0.08,-0.02675000000000001,0.053000000000000005,0.08,-0.065619479209548,0.11360662988467941,0.08,0.026749999999999993,0.05299999999999999,0.08,0.08793907571475879,0.09094597492717137,0.08,0.5650379169886736,-1.2920898931192368,-1.0204417858589478,1.306479019482865,-0.008029035972020718,0.1625000158739086,0.06399488853444056,0.055653734650118525,0.15786691242715106,0.09600511146555946,0.043491826212221155,-1.1020455090377748,-1.2344705683820794,1.0651303772036105,0
move phase,1635805733.2232983,2,62,1.0,1.0,1.0,-0.026749999999999996,0.052999999999999985,0.08,-0.026749999999999996,0.052999999999999985,0.08,-0.026749999999999996,0.052999999999999985,0.08,-0.06493911492678155,0.11403762365221198,0.08,0.026749999999999996,0.05299999999999999,0.08,0.08831563812873644,0.09033191934258769,0.08,0.553713099177299,-1.2920823526813978,-1.030435903545621,1.306479019477858,-0.006805858398119334,0.1623008023844507,0.06399488932963909,0.056701207157745126,0.15755749613772357,0.09600511067036092,0.043491826212221155,-1.1020455090377748,-1.2344705683820794,1.0651303772036105,0
move phase,1635805733.2335143,2,63,1.0,1.0,1.0,-0.026749999999999996,0.052999999999999985,0.08,-0.026749999999999996,0.052999999999999985,0.08,-0.026749999999999996,0.052999999999999985,0.08,-0.06423992895609815,0.11446954715033053,0.08,0.02675,0.053,0.08,0.08868417391890578,0.08971727251557138,0.08,0.5422181479684981,-1.2920990787305158,-1.0403532803247386,1.306479019477858,-0.005558507711137563,0.16208046367920248,0.06399504174423372,0.05774031395582935,0.15724012407747492,0.09600495825576628,0.043491826212221155,-1.1020455090377748,-1.2344705683820794,1.0651303772036105,0
move phase,1635805733.2438242,2,64,1.0,1.0,1.0,-0.026750000000000003,0.05299999999999999,0.08,-0.026750000000000003,0.05299999999999999,0.08,-0.026750000000000003,0.05299999999999999,0.08,-0.06352755881527838,0.11489839390152817,0.08,0.02675,0.053000000000000005,0.08,0.08904319134453105,0.08910482394519659,0.08,0.5306319674031047,-1.291922047360003,-1.0501710272011213,1.3063146260663507,-0.004300274006399707,0.16184958175796552,0.06399480437562985,0.05876655980640249,0.1569102081045357,0.09600519562437014,0.043491826212221155,-1.1020455090377748,-1.2344705683820794,1.0651303772036105,0
move phase,1635805733.2541406,2,65,1.0,1.0,1.0,-0.026750000000000003,0.053000000000000005,0.08,-0.026750000000000003,0.053000000000000005,0.08,-0.026750000000000003,0.053000000000000005,0.08,-0.06280712451440493,0.11532081331106565,0.08,0.026750000000000003,0.053000000000000005,0.08,0.08939125828918809,0.08849750357345182,0.08,0.5190037704764857,-1.291471578221926,-1.0597928627717284,1.3058692328584913,-0.0030612848853899463,0.16161608198461752,0.06399713447938447,0.05980577907706571,0.1566025274098987,0.09600286552061553,0.043491826212221155,-1.1020455090377748,-1.2344705683820794,1.0651303772036105,0
move phase,1635805733.2644773,2,66,1.0,1.0,1.0,-0.026750000000000003,0.053000000000000005,0.08,-0.026750000000000003,0.053000000000000005,0.08,-0.026750000000000003,0.053000000000000005,0.08,-0.06207659890447434,0.11573779889223394,0.08,0.026750000000000006,0.05300000000000001,0.08,0.0897253109950675,0.08790143557326158,0.08,0.5073002151628598,-1.2903835568315025,-1.069190951597348,1.3049842984094044,-0.00181667467826796,0.1613643078963173,0.06399916390807807,0.06081939524277193,0.15629593105550027,0.09600083609192193,0.043491826212221155,-1.1020455090377748,-1.2344705683820794,1.0651303772036105,0
move phase,1635805733.2749574,2,67,1.0,1.0,1.0,-0.026750000000000006,0.05300000000000002,0.08,-0.026750000000000006,0.05300000000000002,0.08,-0.026750000000000006,0.05300000000000002,0.08,-0.06133797518274961,0.11614801638022766,0.08,0.026749999999999996,0.053,0.08,0.09004640618044034,0.08731566646068102,0.08,0.4955118603905259,-1.2888685299652938,-1.0783341395944317,1.303763641299154,-0.0006181401389081381,0.16116066375734286,0.06399916390807807,0.06186289298272504,0.1560109979001827,0.09600083609192193,0.043491826212221155,-1.1020455090377748,-1.2344705683820794,1.0651303772036105,0
move phase,1635805733.2851448,2,68,1.0,1.0,1.0,-0.026749999999999996,0.052999999999999985,0.08,-0.026749999999999996,0.052999999999999985,0.08,-0.026749999999999996,0.052999999999999985,0.08,-0.060586851702068636,0.11655365817081037,0.08,0.026749999999999996,0.052999999999999985,0.08,0.0903517642544486,0.08674634178279991,0.08,0.48359343773345526,-1.2871017999492262,-1.0871514142013032,1.3022585305878216,0.000589265734678851,0.16094419147480565,0.06399916390807807,0.0628832790066226,0.155730697226181,0.09600083609192193,0.043491826212221155,-1.1020455090377748,-1.2344705683820794,1.0651303772036105,0
move phase,1635805733.2954037,2,69,1.0,1.0,1.0,-0.026749999999999996,0.053,0.08,-0.026749999999999996,0.053,0.08,-0.026749999999999996,0.053,0.08,-0.05982192513830951,0.11695504489597403,0.08,0.026749999999999996,0.053000000000000005,0.08,0.09064182142270161,0.08619390238115439,0.08,0.4715244693746898,-1.284898165857823,-1.0956890630210157,1.3004126027954035,0.0017967862850700664,0.1607291376240947,0.06399916390807807,0.06388201128116286,0.15545624091327137,0.09600083609192193,0.043491826212221155,-1.1020455090377748,-1.2344705683820794,1.0651303772036105,0
move phase,1635805733.3057156,2,70,1.0,1.0,1.0,-0.026749999999999996,0.053,0.08,-0.026749999999999996,0.053,0.08,-0.026749999999999996,0.053,0.08,-0.05904343613010157,0.11735164320288213,0.08,0.02675000000000001,0.053000000000000005,0.08,0.09091684487950688,0.08565908783492435,0.08,0.4593317166685511,-1.282394652021884,-1.103872324283575,1.2982281075008604,0.002999396205246266,0.1605225100861838,0.06399916390807807,0.06487948158884252,0.15519623395567583,0.09600083609192193,0.043491826212221155,-1.1020455090377748,-1.2344705683820794,1.0651303772036105,0
move phase,1635805733.3158736,2,71,1.0,1.0,1.0,-0.026750000000000003,0.053000000000000005,0.08,-0.026750000000000003,0.053000000000000005,0.08,-0.026750000000000003,0.053000000000000005,0.08,-0.05825339254626181,0.11774207486693745,0.08,0.026750000000000003,0.053000000000000005,0.08,0.09117576786453158,0.08514530191280667,0.08,0.44704006131201307,-1.2796618950336365,-1.1116850510896936,1.2958356280962975,0.004198996310403581,0.160318311404984,0.06399916390807807,0.06585940762289876,0.15493343708651838,0.06399945023594121,0.043491826212221155,-1.1020455090377748,-1.2344705683820794,1.0651303772036105,0
move phase,1635805733.3261182,2,72,1.0,1.0,1.0,-0.026750000000000003,0.05300000000000001,0.08,-0.026750000000000003,0.05300000000000001,0.08,-0.026750000000000003,0.05300000000000001,0.08,-0.057454523254238984,0.1181247437747735,0.08,0.02675000000000001,0.053000000000000005,0.08,0.09141971124988653,0.08465167368175494,0.08,0.43473907743667306,-1.2763718194402345,-1.1191900401093358,1.2929610936810165,0.0053937638191819265,0.1601143806341786,0.06399916390807807,0.06681658052916059,0.15469068768737043,0.06399943902261059,0.043491826212221155,-1.1020455090377748,-1.2344705683820794,1.0651303772036105,0
move phase,1635805733.3366063,2,73,1.0,1.0,1.0,-0.026750000000000003,0.05300000000000001,0.08,-0.026750000000000003,0.05300000000000001,0.08,-0.026750000000000003,0.05300000000000001,0.08,-0.05665275966321602,0.11849675537401791,0.08,0.02675000000000001,0.053000000000000005,0.08,0.09165126310752965,0.08417412463963042,0.08,0.4224858590905138,-1.272869172466324,-1.1264409548181429,1.2898677855205152,0.006565653288608211,0.15992704689484188,0.06399916390807807,0.0677747584294682,0.15445947387196413,0.06399963605231074,0.043491826212221155,-1.1020455090377748,-1.2344705683820794,1.0651303772036105,0
move phase,1635805733.3469002,2,74,1.0,1.0,1.0,-0.026749999999999996,0.053,0.08,-0.026749999999999996,0.053,0.08,-0.026749999999999996,0.053,0.08,-0.05584938475633294,0.11885761768241315,0.08,0.026750000000000006,0.05300000000000001,0.08,0.09186985684062118,0.08371488637545327,0.08,0.41031482336033076,-1.2699659766175004,-1.1333585342019776,1.28692466131978,0.007758397443960063,0.15971131897578864,0.09600025221228828,0.06869126407961887,0.15423109546505748,0.06399974778771171,0.043491826212221155,-1.1020455090377748,-1.2344705683820794,1.0651303772036105,0
move phase,1635805733.3573263,2,75,1.0,1.0,1.0,-0.026750000000000003,0.053,0.08,-0.026750000000000003,0.053,0.08,-0.026750000000000003,0.053,0.08,-0.05504817384794562,0.11920584080631741,0.08,0.02674999999999999,0.05299999999999999,0.08,0.0920766449752207,0.08327258588692862,0.08,0.3981739701019414,-1.266098040222354,-1.1399954565725026,1.2833914855263966,0.00889771650224895,0.15952826599539988,0.09600025221228828,0.06961816000631757,0.15402143294220383,0.06399974778771171,0.043491826212221155,-1.1020455090377748,-1.2344705683820794,1.0651303772036105,0
move phase,1635805733.3678071,2,76,1.0,1.0,1.0,-0.026749999999999996,0.052999999999999985,0.08,-0.026749999999999996,0.052999999999999985,0.08,-0.026749999999999996,0.052999999999999985,0.08,-0.05424384786364548,0.1195438827365124,0.08,0.026750000000000006,0.053000000000000005,0.08,0.0922713002462669,0.08284893991482017,0.08,0.3860780992101184,-1.262021783344964,-1.1463255138213366,1.2795882346856493,0.010028353390442425,0.15934412157703046,0.09600025221228828,0.0705314704912408,0.15382191159398584,0.06399974778771171,0.043491826212221155,-1.1020455090377748,-1.2344705683820794,1.0651303772036105,0
move phase,1635805733.378068,2,77,1.0,1.0,1.0,-0.026749999999999993,0.05299999999999999,0.08,-0.026749999999999993,0.05299999999999999,0.08,-0.026749999999999993,0.05299999999999999,0.08,-0.05343697841629985,0.11987155735443836,0.08,0.026750000000000006,0.05300000000000001,0.08,0.09245453921819216,0.08244339528867303,0.08,0.3739832298696942,-1.2577055813140756,-1.1523721250686147,1.2754798949851502,0.011147326356045067,0.159163317850516,0.09600025221228828,0.0714357610863045,0.15363323917522506,0.06399974778771171,0.043491826212221155,-1.1020455090377748,-1.2344705683820794,1.0651303772036105,0
move phase,1635805733.388375,2,78,1.0,1.0,1.0,-0.026750000000000003,0.053000000000000005,0.08,-0.026750000000000003,0.053000000000000005,0.08,-0.026750000000000003,0.053000000000000005,0.08,-0.05262759555241204,0.12018891313621458,0.08,0.026750000000000013,0.05300000000000002,0.08,0.09262690353927797,0.08205569789347128,0.08,0.36192677328788503,-1.2531707226757296,-1.158126622884645,1.2710745375775383,0.012255120725207826,0.15898592325614708,0.09600025221228828,0.0723322445357566,0.15345534581053005,0.06399974778771171,0.043491826212221155,-1.1020455090377748,-1.2344705683820794,1.0651303772036105,0
move phase,1635805733.3988771,2,79,1.0,1.0,1.0,-0.02675000000000001,0.05300000000000001,0.08,-0.02675000000000001,0.05300000000000001,0.08,-0.02675000000000001,0.05300000000000001,0.08,-0.05181562145311079,0.12049603411437856,0.08,0.026750000000000003,0.053000000000000005,0.08,0.09278896565364422,0.08168544954148006,0.08,0.3498690126097951,-1.2484154063560682,-1.1636129885261386,1.2663611747421875,0.013352631656820449,0.15881148337976236,0.09600025221228828,0.07322218314535794,0.15328799090016781,0.06399974778771171,0.043491826212221155,-1.1020455090377748,-1.2344705683820794,1.0651303772036105,0
move phase,1635805733.4091876,2,80,1.0,1.0,1.0,-0.026749999999999996,0.05299999999999999,0.08,-0.026749999999999996,0.05299999999999999,0.08,-0.026749999999999996,0.05299999999999999,0.08,-0.0510005936905107,0.12079313169973609,0.08,0.026749999999999996,0.05299999999999999,0.08,0.09294134982365611,0.08133205267047157,0.08,0.33782897411016566,-1.243455419455921,-1.1688310405180478,1.2613436081031966,0.01444126166268253,0.1586393789871488,0.09600025221228828,0.07410718304605148,0.15313077876322717,0.06399974778771171,0.043491826212221155,-1.1020455090377748,-1.2344705683820794,1.0651303772036105,0
move phase,1635805733.419443,2,81,1.0,1.0,1.0,-0.026750000000000003,0.053,0.08,-0.026750000000000003,0.053,0.08,-0.026750000000000003,0.053,0.08,-0.05018321490666877,0.12107998559883718,0.08,0.026750000000000003,0.053,0.08,0.09308371404753263,0.08099711379160668,0.08,0.32580477774683925,-1.2388468405811197,-1.1737392248590979,1.2573356804277283,0.015530874412856666,0.1584515433762927,0.09600025221228828,0.07481826428843835,0.15185474150404615,0.09601391074010006,0.043491826212221155,-1.1020455090377748,-1.2344705683820794,1.0651303772036105,0
move phase,1635805733.429612,2,82,1.0,1.0,1.0,-0.026750000000000003,0.053000000000000005,0.08,-0.026750000000000003,0.053000000000000005,0.08,-0.026750000000000003,0.053000000000000005,0.08,-0.049373039461041233,0.12135347895713995,0.08,0.02675,0.053,0.08,0.09321570952598801,0.08068229501336525,0.08,0.31407214176943915,-1.2348824476413411,-1.1783233807203735,1.2526901053948758,0.016623740791027235,0.1582235191275608,0.09600025221228828,0.075587414509219,0.15169641103712034,0.09601424697799371,0.043491826212221155,-1.1020455090377748,-1.2344705683820794,1.0651303772036105,0
move phase,1635805733.4398818,2,83,1.0,1.0,1.0,-0.026750000000000003,0.05299999999999999,0.08,-0.026750000000000003,0.05299999999999999,0.08,-0.026750000000000003,0.05299999999999999,0.08,-0.04858383063242398,0.12160964830047319,0.08,0.026750000000000003,0.053000000000000005,0.08,0.09333663103119033,0.08039015457999685,0.08,0.3027314631742817,-1.2311834752796516,-1.1825345588280074,1.2472547776318452,0.01769303363609917,0.15799574574155517,0.06398564965733178,0.07637570735288653,0.1515626145659345,0.0960143501362242,0.043491826212221155,-1.1020455090377748,-1.2344705683820794,1.0651303772036105,0
move phase,1635805733.4501495,2,84,1.0,1.0,1.0,-0.026749999999999996,0.05299999999999999,0.08,-0.026749999999999996,0.05299999999999999,0.08,-0.026749999999999996,0.05299999999999999,0.08,-0.04781997508660164,0.12184806569432421,0.08,0.026750000000000003,0.05299999999999999,0.08,0.09344570301393165,0.08012348059297392,0.08,0.2918068645399716,-1.2272575609416598,-1.1863754017478325,1.241695065659208,0.01873328030061959,0.1577258336605805,0.0639863327700062,0.07718174496215513,0.15145662148350642,0.0960136670407514,0.043491826212221155,-1.1020455090377748,-1.2344705683820794,1.0651303772036105,0
move phase,1635805733.4609017,2,85,1.0,1.0,1.0,-0.026750000000000003,0.053,0.08,-0.026750000000000003,0.053,0.08,-0.026750000000000003,0.053,0.08,-0.047078969976925206,0.122070492829263,0.08,0.02675,0.05300000000000001,0.08,0.09354540060582275,0.0798770247220122,0.08,0.2812138154971776,-1.2229922230600223,-1.1899100115939574,1.2364844478812722,0.019700414520340312,0.15753164585917276,0.0639868806906824,0.0779249119162276,0.15134647974802884,0.09601311913406146,0.043491826212221155,-1.1020455090377748,-1.2344705683820794,1.0651303772036105,0
move phase,1635805733.4711351,2,86,1.0,1.0,1.0,-0.026749999999999996,0.053,0.08,-0.026749999999999996,0.053,0.08,-0.026749999999999996,0.053,0.08,-0.04635744257664569,0.12227877160865039,0.08,0.02675,0.053000000000000005,0.08,0.09363644944062866,0.0796496319153985,0.08,0.2709441354474042,-1.218630219480975,-1.1932015328396761,1.2313340130715218,0.02081633848341731,0.15871184636098032,0.06398746864994545,0.07862144971279805,0.15124151014274761,0.09601253120061165,0.043491826212221155,-1.1020455090377748,-1.2344705683820794,1.0651303772036105,0
move phase,1635805733.4813457,2,87,1.0,1.0,1.0,-0.026750000000000003,0.053,0.08,-0.026750000000000003,0.053,0.08,-0.026750000000000003,0.053,0.08,-0.045655799885159026,0.12247352539422712,0.08,0.026749999999999996,0.05299999999999999,0.08,0.09372080460652998,0.07943693118260851,0.08,0.26097180189841046,-1.2142388450942299,-1.1962772113417497,1.2260860423104192,0.02172626745587003,0.15852607567727847,0.06398786733792937,0.07930501817696943,0.15114448605766576,0.09601213266214426,0.043491826212221155,-1.1020455090377748,-1.2344705683820794,1.0651303772036105,0
move phase,1635805733.491744,2,88,1.0,1.0,1.0,-0.026749999999999996,0.053,0.08,-0.026749999999999996,0.053,0.08,-0.026749999999999996,0.053,0.08,-0.04497382050310057,0.12265552645893052,0.08,0.02675,0.05299999999999999,0.08,0.09379888211095441,0.0792382813398921,0.08,0.2513203661385093,-1.2098424852312566,-1.1991416844663034,1.2207421497426088,0.02260293496300783,0.1583478646956637,0.06398826178392213,0.07997503814995045,0.1510548263211028,0.09601172710206703,0.043491826212221155,-1.1020455090377748,-1.2344705683820794,1.0651303772036105,0
move phase,1635805733.501872,2,89,1.0,1.0,1.0,-0.026749999999999996,0.05299999999999999,0.08,-0.026749999999999996,0.05299999999999999,0.08,-0.026749999999999996,0.05299999999999999,0.08,-0.044308800233954976,0.12282613074160746,0.08,0.026750000000000006,0.052999999999999985,0.08,0.09387151880228653,0.07905190422357451,0.08,0.24188912628146678,-1.205425689132385,-1.201842266981225,1.2152935441557333,0.023450732084974585,0.15817619150047257,0.06398865179330325,0.08063437469149833,0.15097130672046294,0.09601133673313939,0.043491826212221155,-1.1020455090377748,-1.2344705683820794,1.0651303772036105,0
move phase,1635805733.511957,2,90,1.0,1.0,1.0,-0.026749999999999993,0.05299999999999999,0.08,-0.026749999999999993,0.05299999999999999,0.08,-0.026749999999999993,0.05299999999999999,0.08,-0.04365932104821675,0.1229862476611536,0.08,0.026750000000000003,0.053,0.08,0.09393930218162835,0.07887658540738773,0.08,0.23272508844961842,-1.2010115327257664,-1.2043720411601235,1.2097638094008245,0.02427237691421226,0.15801016984478755,0.0639890363310499,0.08128416813719107,0.15089299069057582,0.0960109518344468,0.043491826212221155,-1.1020455090377748,-1.2344705683820794,1.0651303772036105,0
move phase,1635805733.5220873,2,91,1.0,1.0,1.0,-0.02675,0.053,0.08,-0.02675,0.053,0.08,-0.02675,0.053,0.08,-0.04302497173514826,0.12313647620903212,0.08,0.026750000000000003,0.053000000000000005,0.08,0.09400264156809082,0.07871151886050116,0.08,0.2237698574287017,-1.1965935774240963,-1.2067608690612046,1.204151173533333,0.02506903917003371,0.15784951954456145,0.06398941489863735,0.08192507345344219,0.15081926555434372,0.09601057290539687,0.043491826212221155,-1.1020455090377748,-1.2344705683820794,1.0651303772036105,0
move phase,1635805733.532468,2,92,1.0,1.0,1.0,-0.02674999999999999,0.052999999999999985,0.08,-0.02674999999999999,0.052999999999999985,0.08,-0.02674999999999999,0.052999999999999985,0.08,-0.04240470977129484,0.12327752174042939,0.08,0.02675,0.05300000000000001,0.08,0.09406196048695116,0.0785558207734192,0.08,0.21504369098537868,-1.1921854737259514,-1.2090077774037868,1.1984709408798797,0.025842736127000922,0.1576935760476432,0.0639897870196494,0.08255781615144563,0.1507494341325759,0.09601020042309441,0.043491826212221155,-1.1020455090377748,-1.2344705683820794,1.0651303772036105,0
move phase,1635805733.5426116,2,93,1.0,1.0,1.0,-0.02675000000000001,0.053000000000000005,0.08,-0.02675000000000001,0.053000000000000005,0.08,-0.02675000000000001,0.053000000000000005,0.08,-0.0417993105378127,0.12340964601769053,0.08,0.026750000000000003,0.053,0.08,0.09411740243958935,0.07840931105997197,0.08,0.20654537580013255,-1.1877945042678175,-1.2111194075648009,1.1927329565457139,0.026592912040679983,0.15754262836668953,0.0639901522670578,0.08318186452988557,0.15068335499633911,0.09600983481604064,0.043491826212221155,-1.1020455090377748,-1.2344705683820794,1.0651303772036105,0
move phase,1635805733.5529711,2,94,1.0,1.0,1.0,-0.02674999999999999,0.05299999999999999,0.08,-0.02674999999999999,0.05299999999999999,0.08,-0.02674999999999999,0.05299999999999999,0.08,-0.04120919685972421,0.12353319520744642,0.08,0.02675,0.053000000000000005,0.08,0.09416914077654454,0.07827171258447813,0.08,0.19828377564117497,-1.1834302617135954,-1.213098276438084,1.1869494249125692,0.02731947665441746,0.15739680115165514,0.06399051032892399,0.08379684415871479,0.15062082410837238,0.09600947639749194,0.043491826212221155,-1.1020455090377748,-1.2344705683820794,1.0651303772036105,0
move phase,1635805733.563564,2,95,1.0,1.0,1.0,-0.026750000000000003,0.053000000000000005,0.08,-0.026750000000000003,0.053000000000000005,0.08,-0.026750000000000003,0.053000000000000005,0.08,-0.04063578833341168,0.12364831832648028,0.08,0.02675000000000001,0.053000000000000005,0.08,0.09421720503636903,0.07814311525210314,0.08,0.19028566960255935,-1.1791068460582466,-1.2149401967972444,1.1811367166657822,0.0280209660243161,0.15725674400817838,0.06399086078066814,0.08440161102024785,0.1505619225879128,0.09600913905812167,0.043491826212221155,-1.1020455090377748,-1.2344705683820794,1.0651303772036105,0
move phase,1635805733.573807,2,96,1.0,1.0,1.0,-0.026750000000000003,0.053000000000000005,0.08,-0.026750000000000003,0.053000000000000005,0.08,-0.026750000000000003,0.053000000000000005,0.08,-0.04007951183098546,0.1237553822288285,0.08,0.026749999999999996,0.053000000000000005,0.08,0.09426174313200919,0.078023279946434,0.08,0.18253501405271289,-1.174826477844378,-1.2166561909260718,1.1753014712482546,0.02869722558866837,0.15712267588706597,0.06399120357788296,0.08499576513026355,0.1505065649566405,0.0960087962726409,0.043491826212221155,-1.1020455090377748,-1.2344705683820794,1.0651303772036105,0
move phase,1635805733.5843747,2,97,1.0,1.0,1.0,-0.026750000000000006,0.053,0.08,-0.026750000000000006,0.053,0.08,-0.026750000000000006,0.053,0.08,-0.03953787587056232,0.12385527666108637,0.08,0.026750000000000006,0.053000000000000005,0.08,0.09430324026144328,0.07791103631284178,0.08,0.1749763127982166,-1.1705797617127929,-1.2182697493608758,1.1694402805889486,0.02935198901484072,0.1569933294405464,0.063991539317703,0.08558091641103513,0.15045386769055152,0.09600846064603949,0.043491826212221155,-1.1020455090377748,-1.2344705683820794,1.0651303772036105,0
move phase,1635805733.5945036,2,98,1.0,1.0,1.0,-0.026750000000000003,0.05299999999999999,0.08,-0.026750000000000003,0.05299999999999999,0.08,-0.026750000000000003,0.05299999999999999,0.08,-0.039009117958682574,0.12394867177668026,0.08,0.026749999999999996,0.053,0.08,0.09434203593744203,0.0778055775548877,0.08,0.16760980874625078,-1.1663713665282094,-1.2197828699691502,1.1635610911478997,0.02998795507768834,0.1568677554172759,0.06399186832252039,0.08615799624717782,0.15040323646339454,0.09600813164404078,0.043491826212221155,-1.1020455090377748,-1.2344705683820794,1.0651303772036105,0
move phase,1635805733.6046987,2,99,1.0,1.0,1.0,-0.02675,0.053,0.08,-0.02675,0.053,0.08,-0.02675,0.053,0.08,-0.03849193694807633,0.12403609587179884,0.08,0.026749999999999996,0.053,0.08,0.09437838964278732,0.07770629301055379,0.08,0.16039816348808103,-1.1621951181307963,-1.2212112018902999,1.1576621464445909,0.030607119362726615,0.15674529504919207,0.06399219111364322,0.08672773744079458,0.15035424136939374,0.09600780885557028,0.043491826212221155,-1.1020455090377748,-1.2344705683820794,1.0651303772036105,0
move phase,1635805733.614992,2,100,1.0,1.0,1.0,-0.02675,0.053,0.08,-0.02675,0.053,0.08,-0.02675,0.053,0.08,-0.0379851933072474,0.12411800356695049,0.08,0.026749999999999996,0.053,0.08,0.09441254504990693,0.07761259834656463,0.08,0.15334267358362833,-1.1580551342673073,-1.2225574000309658,1.1517504949667732,0.031211248680642352,0.1566253083734265,0.06399250798246549,0.08729072682091073,0.1503064499533635,0.09600749198924238,0.043491826212221155,-1.1020455090377748,-1.2344705683820794,1.0651303772036105,0
move phase,1635805733.6252086,2,101,1.0,1.0,1.0,-0.026750000000000006,0.05300000000000001,0.08,-0.026750000000000006,0.05300000000000001,0.08,-0.026750000000000006,0.05300000000000001,0.08,-0.03748816816144625,0.12419474520311527,0.08,0.02675000000000001,0.053000000000000005,0.08,0.09444469376001409,0.07752403793705093,0.08,0.14642121576326395,-1.1539486081910473,-1.2238320755460599,1.1458268654923673,0.031801498026100106,0.15650741003074128,0.06399281931364963,0.0878473845786222,0.15025953787380597,0.09600718066040331,0.043491826212221155,-1.1020455090377748,-1.2344705683820794,1.0651303772036105,0
move phase,1635805733.6353521,2,102,1.0,1.0,1.0,-0.026749999999999996,0.05299999999999999,0.08,-0.026749999999999996,0.05299999999999999,0.08,-0.026749999999999996,0.05299999999999999,0.08,-0.037000538687368995,0.12426658723847206,0.08,0.02675,0.053,0.08,0.09447497292292768,0.07744029546852307,0.08,0.1396436190972744,-1.1498812913877312,-1.2250347959619377,1.1398993629016996,0.03237848816891886,0.15639139560801618,0.0639931252453825,0.08839779081844165,0.15021329057830368,0.09600687473087277,0.043491826212221155,-1.1020455090377748,-1.2344705683820794,1.0651303772036105,0
move phase,1635805733.645536,2,103,1.0,1.0,1.0,-0.02675,0.05300000000000001,0.08,-0.02675,0.05300000000000001,0.08,-0.02675,0.05300000000000001,0.08,-0.03652485067953513,0.1243333883549127,0.08,0.026749999999999996,0.05299999999999999,0.08,0.09450317907350954,0.07736199346180334,0.08,0.13306746012345444,-1.1458720826232862,-1.2261486992289148,1.133987552750016,0.032939021970623754,0.15627865803103097,0.06399342519430397,0.08894000762032708,0.15016832834370458,0.09600657478401282,0.043491826212221155,-1.1020455090377748,-1.2344705683820794,1.0651303772036105,0
move phase,1635805733.6557078,2,104,1.0,1.0,1.0,-0.02675,0.053,0.08,-0.02675,0.053,0.08,-0.02675,0.053,0.08,-0.036068186617152914,0.12439447736462472,0.08,0.026750000000000003,0.05300000000000001,0.08,0.09452859077386502,0.07729120484267787,0.08,0.1268279515876217,-1.1419621389145087,-1.2271310815331375,1.1281312727010393,0.033473931237448434,0.1561731724551278,0.06399371734362778,0.089468840941437,0.1501266197967992,0.09600628263660477,0.043491826212221155,-1.1020455090377748,-1.2344705683820794,1.0651303772036105,0
move phase,1635805733.6657963,2,105,1.0,1.0,1.0,-0.026749999999999993,0.052999999999999985,0.08,-0.026749999999999993,0.052999999999999985,0.08,-0.026749999999999993,0.052999999999999985,0.08,-0.03563543221276008,0.1244496262718878,0.08,0.026749999999999993,0.05299999999999998,0.08,0.09455076972628361,0.0772292307868711,0.08,0.12093127330573317,-1.138157655653254,-1.2279840316302886,1.1223415066207687,0.03397697652219864,0.15607787383902563,0.06399400100120811,0.08998076927044173,0.1500895530146248,0.09600599896145046,0.043491826212221155,-1.1020455090377748,-1.2344705683820794,1.0651303772036105,0
move phase,1635805733.6760135,2,106,1.0,1.0,1.0,-0.02674999999999999,0.052999999999999985,0.08,-0.02674999999999999,0.052999999999999985,0.08,-0.02674999999999999,0.052999999999999985,0.08,-0.03522353567302351,0.12449964470679556,0.08,0.026750000000000003,0.05300000000000001,0.08,0.09457017799996947,0.07717485172762098,0.08,0.11528886378125107,-1.1344379637865272,-1.2287400669121975,1.116606729204726,0.03445243811736272,0.15599117916802877,0.06399427739602118,0.09047758883634399,0.1500562519994083,0.09600572258763064,0.043491826212221155,-1.1020455090377748,-1.2344705683820794,1.0651303772036105,0
move phase,1635805733.6862226,2,107,1.0,1.0,1.0,-0.026750000000000003,0.05300000000000001,0.08,-0.026750000000000003,0.05300000000000001,0.08,-0.026750000000000003,0.05300000000000001,0.08,-0.03482724475779475,0.12454549683329261,0.08,0.02675,0.05300000000000001,0.08,0.09458748821873839,0.07712623452121217,0.08,0.10983952789681486,-1.1307889616483864,-1.2294215074449462,1.1109202784478474,0.03490745871516207,0.15591014528471134,0.06399454795219657,0.09096249010334184,0.15002522131906476,0.09600545199051112,0.043491826212221155,-1.1020455090377748,-1.2344705683820794,1.0651303772036105,0
move phase,1635805733.6968555,2,108,1.0,1.0,1.0,-0.026749999999999996,0.053,0.08,-0.026749999999999996,0.053,0.08,-0.026749999999999996,0.053,0.08,-0.03444093500405681,0.12458805430212061,0.08,0.026750000000000006,0.05300000000000001,0.08,0.09460343498879709,0.0770813488040245,0.08,0.10448746327434899,-1.127143322032643,-1.2300651278490131,1.1051964746849126,0.035348844663341726,0.15583316711810022,0.06399479478541227,0.09144304518662355,0.15000195510833625,0.09600545199051112,0.043491826212221155,-1.1020455090377748,-1.2344705683820794,1.0651303772036105,0
move phase,1635805733.7070856,2,109,1.0,1.0,1.0,-0.026750000000000003,0.053,0.08,-0.026750000000000003,0.053,0.08,-0.026750000000000003,0.053,0.08,-0.034060090619673064,0.12462794549009601,0.08,0.02675000000000001,0.053000000000000005,0.08,0.09461856631393499,0.07703867106333068,0.08,0.09919936975937955,-1.1235023940315425,-1.230680835069452,1.0994569474564495,0.035782241249722624,0.15575851387275005,0.06399501474144889,0.09192203198369414,0.14997790323707888,0.09600545199051112,0.043491826212221155,-1.1020455090377748,-1.2344705683820794,1.0651303772036105,0
move phase,1635805733.7172766,2,110,1.0,1.0,1.0,-0.026749999999999996,0.05299999999999999,0.08,-0.026749999999999996,0.05299999999999999,0.08,-0.026749999999999996,0.05299999999999999,0.08,-0.033683345947211854,0.12466539411721866,0.08,0.026749999999999996,0.053,0.08,0.0946330499885883,0.07699773998206533,0.08,0.09396778949858357,-1.119864235835593,-1.231272472092939,1.093702548023395,0.036209582208566723,0.15568525423649357,0.06399522645173294,0.09239975880306361,0.14995262534261383,0.09600545199051112,0.043491826212221155,-1.1020455090377748,-1.2344705683820794,1.0651303772036105,0
move phase,1635805733.7274387,2,111,1.0,1.0,1.0,-0.02675,0.053,0.08,-0.02675,0.053,0.08,-0.02675,0.053,0.08,-0.03331236381356201,0.1247003164649812,0.08,0.026749999999999996,0.05299999999999999,0.08,0.09464672792102144,0.0769590137029634,0.08,0.08884319520169522,-1.1162445953741487,-1.2318238639726058,1.087950792518986,0.03662875818507347,0.15561435294877876,0.06399543079683669,0.09287476104938934,0.14992656142724936,0.09600545199051112,0.043491826212221155,-1.1020455090377748,-1.2344705683820794,1.0651303772036105,0
move phase,1635805733.7375653,2,112,1.0,1.0,1.0,-0.026749999999999996,0.05299999999999999,0.08,-0.026749999999999996,0.05299999999999999,0.08,-0.026749999999999996,0.05299999999999999,0.08,-0.03294925301254757,0.12473262341561489,0.08,0.02674999999999999,0.052999999999999985,0.08,0.09465941023690572,0.07692304331132739,0.08,0.08383541794684511,-1.1126480883050582,-1.232334137580061,1.0822094436703429,0.03703707617759602,0.15554708613163398,0.06399562984733456,0.09334540063290654,0.14990027446084903,0.09600545199051112,0.043491826212221155,-1.1020455090377748,-1.2344705683820794,1.0651303772036105,0
move phase,1635805733.7478743,2,113,1.0,1.0,1.0,-0.02675,0.05299999999999999,0.08,-0.02675,0.05299999999999999,0.08,-0.02675,0.05299999999999999,0.08,-0.032594868002876684,0.12476236839757276,0.08,0.02675000000000001,0.05300000000000001,0.08,0.09467106557597266,0.07688993200125155,0.08,0.07895774376274063,-1.1090808606784766,-1.2328012555110486,1.0764880120245275,0.03743352167742288,0.1554839396016018,0.06399582595081317,0.09381085626610917,0.14987392289948442,0.09600545199051112,0.043491826212221155,-1.1020455090377748,-1.2344705683820794,1.0651303772036105,0
move phase,1635805733.7584624,2,114,1.0,1.0,1.0,-0.02675000000000001,0.053000000000000005,0.08,-0.02675000000000001,0.053000000000000005,0.08,-0.02675000000000001,0.053000000000000005,0.08,-0.03225055702412753,0.12478958052826554,0.08,0.026750000000000003,0.053,0.08,0.094681600023611,0.07685996056644123,0.08,0.07423338537439808,-1.1055522682266992,-1.23321924619392,1.0707987620005137,0.03781644721834572,0.15542568593054987,0.06399602181405112,0.09426991080964446,0.14984785955991287,0.09600545199051112,0.043491826212221155,-1.1020455090377748,-1.2344705683820794,1.0651303772036105,0
move phase,1635805733.7687132,2,115,1.0,1.0,1.0,-0.026749999999999996,0.053,0.08,-0.026749999999999996,0.053,0.08,-0.026749999999999996,0.053,0.08,-0.03191477096998277,0.12481451901132265,0.08,0.026750000000000003,0.053,0.08,0.09469123093426007,0.07683252271870404,0.08,0.06959982690164082,-1.1020455090377748,-1.2336104141692001,1.0651303772036105,0.03818794670073827,0.1553714311697605,0.06399621842222247,0.09472350431047077,0.14982157563706505,0.09600545199051112,0.043491826212221155,-1.1020455090377748,-1.2344705683820794,1.0651303772036105,0
move phase,1635805733.7790077,2,116,1.0,1.0,1.0,-0.02675,0.05300000000000001,0.08,-0.02675,0.05300000000000001,0.08,-0.02675,0.05300000000000001,0.08,-0.03158503850281926,0.12483747213450833,0.08,0.026750000000000003,0.05300000000000001,0.08,0.09470025132273249,0.07680679199677042,0.08,0.06504770045608427,-1.0985592215476738,-1.2339779027751783,1.0594848993371349,0.03855132492461295,0.1553196434583728,0.06399641523599517,0.09517301271077011,0.14979432096001244,0.09600545199051112,0.043491826212221155,-1.1020455090377748,-1.2344705683820794,1.0651303772036105,0
